 ,Label,Area,Mean,StdDev,Mode,Min,Max,X,Y,XM,YM,Perim.,Major,Minor,Angle,Circ.,Feret,IntDen,Median,RawIntDen,Slice,FeretX,FeretY,FeretAngle,MinFeret,AR,Round,Solidity
1,fields:fld0002,2.200E1,8.977E1,3.717E1,1.060E2,2.000E1,1.350E2,1.253E3,4.223E2,1.253E3,4.222E2,1.673E1,5.674E0,4.937E0,1.753E2,9.880E-1,6.403E0,1.975E3,1.060E2,1.975E3,2.000E0,1.251E3,4.200E2,1.413E2,5.000E0,1.149E0,8.701E-1,8.627E-1
2,fields:fld0004,2.400E1,6.575E1,4.205E1,1.200E1,1.200E1,1.320E2,1.635E3,1.824E2,1.635E3,1.827E2,1.673E1,6.111E0,5.001E0,1.960E1,1.000E0,6.708E0,1.578E3,5.000E1,1.578E3,4.000E0,1.632E3,1.840E2,2.657E1,5.000E0,1.222E0,8.184E-1,9.057E-1
3,fields:fld0005,2.600E1,6.731E1,4.607E1,2.200E1,1.800E1,1.380E2,1.989E3,3.776E2,1.989E3,3.778E2,1.873E1,6.353E0,5.211E0,2.003E1,9.315E-1,7.280E0,1.750E3,4.700E1,1.750E3,5.000E0,1.985E3,3.790E2,1.595E1,5.000E0,1.219E0,8.202E-1,8.667E-1
4,fields:fld0005,2.700E1,7.511E1,4.340E1,1.300E1,1.300E1,1.430E2,1.541E3,5.426E2,1.541E3,5.427E2,1.873E1,6.515E0,5.277E0,1.765E2,9.674E-1,7.280E0,2.028E3,8.300E1,2.028E3,5.000E0,1.538E3,5.440E2,1.595E1,5.000E0,1.235E0,8.100E-1,8.852E-1
5,fields:fld0006,2.600E1,7.965E1,4.564E1,1.340E2,1.400E1,1.440E2,7.708E2,6.467E2,7.708E2,6.467E2,1.814E1,5.999E0,5.518E0,9.713E1,9.927E-1,6.708E0,2.071E3,8.800E1,2.071E3,6.000E0,7.690E2,6.440E2,1.166E2,6.000E0,1.087E0,9.199E-1,8.667E-1
6,fields:fld0006,2.200E1,7.786E1,4.317E1,1.300E1,1.300E1,1.430E2,1.752E3,8.620E2,1.751E3,8.619E2,1.731E1,6.440E0,4.349E0,0.000E0,9.223E-1,7.071E0,1.713E3,7.800E1,1.713E3,6.000E0,1.748E3,8.610E2,1.719E2,4.000E0,1.481E0,6.753E-1,8.800E-1
7,fields:fld0006,3.400E1,8.024E1,4.336E1,3.400E1,1.800E1,1.450E2,5.830E2,1.201E3,5.831E2,1.201E3,2.014E1,6.986E0,6.197E0,9.000E1,1.000E0,7.616E0,2.728E3,8.100E1,2.728E3,6.000E0,5.810E2,1.198E3,1.132E2,6.000E0,1.127E0,8.871E-1,9.189E-1
8,fields:fld0010,1.800E1,5.617E1,4.089E1,2.200E1,1.300E1,1.220E2,6.139E1,4.278E1,6.149E1,4.306E1,1.473E1,5.088E0,4.504E0,1.546E2,1.000E0,5.831E0,1.011E3,4.700E1,1.011E3,1.000E1,5.900E1,4.100E1,1.490E2,4.950E0,1.130E0,8.853E-1,8.571E-1
9,fields:fld0010,3.000E1,8.690E1,3.877E1,6.400E1,1.200E1,1.370E2,1.240E3,8.355E2,1.240E3,8.354E2,2.038E1,6.468E0,5.906E0,3.041E1,9.072E-1,7.616E0,2.607E3,1.010E2,2.607E3,1.000E1,1.236E3,8.370E2,2.320E1,6.642E0,1.095E0,9.132E-1,8.000E-1
10,fields:fld0010,2.300E1,6.187E1,4.207E1,1.900E1,1.300E1,1.310E2,1.890E3,1.402E3,1.890E3,1.402E3,1.673E1,6.029E0,4.857E0,1.506E2,1.000E0,6.708E0,1.423E3,5.500E1,1.423E3,1.000E1,1.887E3,1.401E3,1.534E2,5.000E0,1.241E0,8.057E-1,8.846E-1
11,fields:fld0011,2.400E1,7.258E1,3.746E1,2.700E1,1.500E1,1.370E2,7.178E2,1.141E3,7.179E2,1.141E3,1.756E1,5.647E0,5.411E0,1.658E2,9.785E-1,6.708E0,1.742E3,8.500E1,1.742E3,1.100E1,7.150E2,1.139E3,1.534E2,5.657E0,1.044E0,9.583E-1,8.276E-1
12,fields:fld0012,2.500E1,6.560E1,4.604E1,2.100E1,1.200E1,1.450E2,2.032E3,2.563E2,2.032E3,2.564E2,2.014E1,6.464E0,4.925E0,1.650E1,7.744E-1,7.280E0,1.640E3,4.500E1,1.640E3,1.200E1,2.029E3,2.550E2,1.641E2,5.000E0,1.313E0,7.619E-1,8.333E-1
13,fields:fld0012,2.500E1,6.876E1,4.130E1,2.900E1,1.200E1,1.360E2,5.456E2,3.479E2,5.458E2,3.479E2,1.814E1,5.817E0,5.472E0,1.017E2,9.545E-1,6.708E0,1.719E3,7.600E1,1.719E3,1.200E1,5.440E2,3.450E2,1.166E2,6.000E0,1.063E0,9.408E-1,8.333E-1
14,fields:fld0012,2.500E1,8.476E1,4.162E1,1.600E1,1.600E1,1.460E2,1.418E3,6.366E2,1.418E3,6.365E2,1.790E1,5.979E0,5.324E0,1.564E2,9.805E-1,7.071E0,2.119E3,9.700E1,2.119E3,1.200E1,1.416E3,6.340E2,1.350E2,5.000E0,1.123E0,8.906E-1,9.091E-1
15,fields:fld0014,2.900E1,7.472E1,4.485E1,1.200E1,1.200E1,1.420E2,1.992E3,1.140E3,1.992E3,1.140E3,1.956E1,6.592E0,5.602E0,1.651E2,9.529E-1,7.616E0,2.167E3,8.500E1,2.167E3,1.400E1,1.989E3,1.142E3,2.320E1,6.000E0,1.177E0,8.498E-1,8.406E-1
16,fields:fld0014,2.100E1,7.038E1,4.204E1,3.000E1,1.200E1,1.350E2,7.296E2,1.479E3,7.295E2,1.478E3,1.673E1,5.623E0,4.755E0,7.869E1,9.431E-1,6.325E0,1.478E3,7.000E1,1.478E3,1.400E1,7.280E2,1.476E3,1.084E2,5.000E0,1.183E0,8.457E-1,8.571E-1
17,fields:fld0015,2.100E1,5.410E1,3.448E1,3.100E1,1.300E1,1.150E2,1.987E3,1.520E3,1.987E3,1.519E3,1.731E1,5.802E0,4.608E0,1.235E2,8.803E-1,7.071E0,1.136E3,3.500E1,1.136E3,1.500E1,1.985E3,1.517E3,1.350E2,5.000E0,1.259E0,7.943E-1,8.936E-1
18,fields:fld0016,2.300E1,8.187E1,4.137E1,7.100E1,1.500E1,1.380E2,1.358E3,2.085E2,1.359E3,2.086E2,1.790E1,5.795E0,5.053E0,5.192E1,9.021E-1,7.071E0,1.883E3,7.300E1,1.883E3,1.600E1,1.356E3,2.110E2,4.500E1,5.000E0,1.147E0,8.720E-1,9.388E-1
19,fields:fld0017,2.600E1,6.965E1,4.517E1,2.300E1,1.200E1,1.430E2,1.749E3,2.539E2,1.749E3,2.541E2,1.814E1,6.093E0,5.433E0,8.149E1,9.927E-1,6.708E0,1.811E3,7.000E1,1.811E3,1.700E1,1.748E3,2.510E2,1.166E2,6.000E0,1.122E0,8.916E-1,8.667E-1
20,fields:fld0017,2.900E1,7.659E1,4.578E1,2.500E1,1.200E1,1.390E2,1.933E3,2.756E2,1.933E3,2.757E2,2.073E1,6.236E0,5.921E0,2.135E1,8.482E-1,7.211E0,2.221E3,7.300E1,2.221E3,1.700E1,1.931E3,2.730E2,1.237E2,6.000E0,1.053E0,9.494E-1,8.923E-1
21,fields:fld0018,4.000E1,4.518E1,2.213E1,2.600E1,1.200E1,8.500E1,1.314E3,4.560E1,1.314E3,4.588E1,2.556E1,9.078E0,5.610E0,5.949E1,7.696E-1,1.000E1,1.807E3,4.300E1,1.807E3,1.800E1,1.312E3,5.000E1,5.313E1,7.000E0,1.618E0,6.180E-1,8.511E-1
22,fields:fld0018,2.500E1,8.420E1,4.330E1,1.400E1,1.400E1,1.460E2,1.027E3,5.119E2,1.028E3,5.122E2,1.731E1,6.042E0,5.268E0,7.913E1,1.000E0,6.708E0,2.105E3,9.200E1,2.105E3,1.800E1,1.026E3,5.150E2,6.343E1,5.000E0,1.147E0,8.720E-1,9.091E-1
23,fields:fld0018,2.400E1,8.100E1,4.258E1,1.240E2,1.400E1,1.400E2,1.732E3,8.195E2,1.732E3,8.197E2,1.731E1,6.090E0,5.017E0,1.802E1,1.000E0,6.708E0,1.944E3,9.500E1,1.944E3,1.800E1,1.729E3,8.210E2,2.657E1,5.000E0,1.214E0,8.238E-1,8.889E-1
24,fields:fld0018,2.100E1,7.148E1,3.508E1,3.200E1,3.100E1,1.360E2,1.655E2,9.905E2,1.657E2,9.904E2,1.531E1,5.171E0,5.171E0,0.000E0,1.000E0,5.831E0,1.501E3,6.500E1,1.501E3,1.800E1,1.640E2,9.880E2,1.210E2,5.000E0,1.000E0,1.000E0,9.130E-1
25,fields:fld0019,2.900E1,7.114E1,3.651E1,8.200E1,1.500E1,1.280E2,2.020E2,1.434E3,2.020E2,1.434E3,1.873E1,6.699E0,5.512E0,1.512E2,1.000E0,7.810E0,2.063E3,7.900E1,2.063E3,1.900E1,1.990E2,1.432E3,1.402E2,6.000E0,1.216E0,8.227E-1,9.062E-1
26,fields:fld0020,2.600E1,7.542E1,3.846E1,1.050E2,1.400E1,1.220E2,9.886E2,6.160E2,9.888E2,6.160E2,1.897E1,5.897E0,5.614E0,1.464E2,9.079E-1,7.280E0,1.961E3,8.600E1,1.961E3,2.000E1,9.850E2,6.150E2,1.641E2,6.000E0,1.050E0,9.520E-1,8.000E-1
27,fields:fld0021,2.300E1,7.817E1,3.558E1,3.500E1,2.400E1,1.400E2,7.322E2,8.954E2,7.323E2,8.954E2,1.731E1,5.753E0,5.090E0,1.493E1,9.642E-1,6.403E0,1.798E3,7.700E1,1.798E3,2.100E1,7.300E2,8.930E2,1.413E2,5.000E0,1.130E0,8.848E-1,8.679E-1
28,fields:fld0025,2.000E1,7.550E1,3.815E1,4.300E1,2.100E1,1.300E2,2.750E2,5.842E2,2.752E2,5.843E2,1.614E1,5.241E0,4.858E0,1.420E2,9.645E-1,6.325E0,1.510E3,7.100E1,1.510E3,2.500E1,2.720E2,5.830E2,1.616E2,5.000E0,1.079E0,9.270E-1,8.333E-1
29,fields:fld0025,2.200E1,7.155E1,4.038E1,4.400E1,1.600E1,1.380E2,1.648E3,8.564E2,1.649E3,8.565E2,1.590E1,5.554E0,5.043E0,1.350E2,1.000E0,6.403E0,1.574E3,6.800E1,1.574E3,2.500E1,1.646E3,8.540E2,1.287E2,5.000E0,1.101E0,9.079E-1,9.362E-1
30,fields:fld0026,2.000E1,8.040E1,4.230E1,4.900E1,1.300E1,1.330E2,4.602E2,1.488E3,4.603E2,1.488E3,1.731E1,5.793E0,4.396E0,7.466E0,8.384E-1,6.708E0,1.608E3,1.000E2,1.608E3,2.600E1,4.570E2,1.489E3,2.657E1,4.000E0,1.318E0,7.588E-1,8.889E-1
31,fields:fld0027,2.400E1,7.408E1,4.209E1,1.500E1,1.500E1,1.360E2,4.930E2,9.177E2,4.932E2,9.178E2,1.814E1,5.930E0,5.153E0,1.679E2,9.163E-1,7.071E0,1.778E3,8.600E1,1.778E3,2.700E1,4.910E2,9.150E2,1.350E2,5.000E0,1.151E0,8.691E-1,8.727E-1
32,fields:fld0028,2.600E1,7.358E1,4.512E1,2.500E1,1.600E1,1.420E2,1.118E3,5.842E2,1.118E3,5.842E2,1.814E1,5.770E0,5.737E0,1.404E1,9.927E-1,6.708E0,1.913E3,7.700E1,1.913E3,2.800E1,1.115E3,5.830E2,1.534E2,6.000E0,1.006E0,9.942E-1,8.667E-1
33,fields:fld0028,2.600E1,8.369E1,3.921E1,7.300E1,1.500E1,1.400E2,1.541E3,7.765E2,1.541E3,7.764E2,1.873E1,6.185E0,5.353E0,1.711E2,9.315E-1,7.211E0,2.176E3,8.700E1,2.176E3,2.800E1,1.538E3,7.740E2,1.463E2,5.000E0,1.155E0,8.655E-1,9.123E-1
34,fields:fld0028,1.000E0,1.600E1,0.000E0,1.600E1,1.600E1,1.600E1,8.635E2,9.915E2,8.635E2,9.915E2,2.828E0,1.128E0,1.128E0,0.000E0,1.000E0,1.414E0,1.600E1,1.600E1,1.600E1,2.800E1,8.630E2,9.910E2,1.350E2,1.000E0,1.000E0,1.000E0,1.000E0
35,fields:fld0028,2.700E1,7.133E1,4.181E1,2.900E1,1.500E1,1.420E2,6.895E2,1.004E3,6.897E2,1.004E3,1.838E1,6.161E0,5.580E0,1.458E2,1.000E0,7.280E0,1.926E3,6.500E1,1.926E3,2.800E1,6.860E2,1.003E3,1.641E2,6.000E0,1.104E0,9.058E-1,8.308E-1
36,fields:fld0029,2.100E1,8.800E1,3.685E1,1.090E2,2.800E1,1.420E2,8.824E2,9.417E1,8.826E2,9.423E1,1.590E1,5.538E0,4.828E0,3.961E1,1.000E0,6.403E0,1.848E3,9.800E1,1.848E3,2.900E1,8.800E2,9.600E1,3.866E1,5.000E0,1.147E0,8.719E-1,9.333E-1
37,fields:fld0029,3.200E1,6.500E1,3.698E1,2.600E1,1.300E1,1.230E2,1.891E3,8.771E2,1.891E3,8.772E2,1.956E1,6.702E0,6.079E0,1.734E2,1.000E0,7.616E0,2.080E3,7.200E1,2.080E3,2.900E1,1.888E3,8.790E2,2.320E1,6.000E0,1.102E0,9.071E-1,8.889E-1
38,fields:fld0029,2.000E1,7.495E1,4.110E1,1.110E2,1.500E1,1.340E2,1.854E3,1.277E3,1.854E3,1.277E3,1.590E1,6.008E0,4.239E0,1.692E2,9.942E-1,6.708E0,1.499E3,8.000E1,1.499E3,2.900E1,1.851E3,1.275E3,1.534E2,4.000E0,1.417E0,7.055E-1,9.302E-1
39,fields:fld0030,2.500E1,7.388E1,3.955E1,1.400E1,1.400E1,1.360E2,8.253E2,2.472E2,8.255E2,2.473E2,1.814E1,5.809E0,5.480E0,8.737E1,9.545E-1,6.708E0,1.847E3,7.600E1,1.847E3,3.000E1,8.240E2,2.500E2,6.343E1,6.000E0,1.060E0,9.434E-1,8.475E-1
40,fields:fld0031,2.300E1,6.813E1,3.982E1,3.000E1,2.000E1,1.350E2,1.604E3,3.123E2,1.605E3,3.125E2,1.649E1,5.433E0,5.390E0,0.000E0,1.000E0,6.403E0,1.567E3,6.200E1,1.567E3,3.100E1,1.602E3,3.100E2,1.287E2,5.000E0,1.008E0,9.920E-1,9.583E-1
41,fields:fld0032,2.300E1,8.091E1,3.869E1,6.800E1,1.300E1,1.410E2,1.071E3,2.692E2,1.072E3,2.694E2,1.756E1,5.739E0,5.102E0,1.474E2,9.377E-1,6.403E0,1.861E3,8.000E1,1.861E3,3.200E1,1.069E3,2.670E2,1.287E2,5.657E0,1.125E0,8.890E-1,8.214E-1
42,fields:fld0032,2.100E1,7.748E1,3.597E1,3.300E1,3.200E1,1.260E2,8.264E1,6.343E2,8.280E1,6.343E2,1.590E1,5.328E0,5.018E0,2.030E1,1.000E0,6.403E0,1.627E3,7.400E1,1.627E3,3.200E1,8.000E1,6.360E2,3.866E1,5.000E0,1.062E0,9.418E-1,9.130E-1
43,fields:fld0033,2.600E1,6.862E1,3.612E1,6.900E1,1.500E1,1.350E2,9.985E2,1.400E2,9.986E2,1.402E2,1.897E1,6.244E0,5.302E0,2.965E1,9.079E-1,7.280E0,1.784E3,6.900E1,1.784E3,3.300E1,9.950E2,1.410E2,1.595E1,5.816E0,1.178E0,8.492E-1,8.125E-1
44,fields:fld0033,2.500E1,6.956E1,3.767E1,2.100E1,1.400E1,1.300E2,5.053E2,6.360E2,5.052E2,6.362E2,1.756E1,5.861E0,5.431E0,9.813E1,1.000E0,6.708E0,1.739E3,6.500E1,1.739E3,3.300E1,5.040E2,6.330E2,1.166E2,6.000E0,1.079E0,9.265E-1,8.475E-1
45,fields:fld0033,2.400E1,7.496E1,4.122E1,9.600E1,1.200E1,1.400E2,1.390E3,6.575E2,1.390E3,6.576E2,1.731E1,5.912E0,5.169E0,2.567E1,1.000E0,6.708E0,1.799E3,9.000E1,1.799E3,3.300E1,1.387E3,6.590E2,2.657E1,5.000E0,1.144E0,8.744E-1,8.889E-1
46,fields:fld0033,2.500E1,8.612E1,4.034E1,1.160E2,1.300E1,1.390E2,9.854E2,8.778E2,9.856E2,8.779E2,1.814E1,5.758E0,5.528E0,3.681E1,9.545E-1,6.708E0,2.153E3,9.300E1,2.153E3,3.300E1,9.820E2,8.790E2,2.657E1,6.000E0,1.042E0,9.600E-1,8.475E-1
47,fields:fld0034,2.200E1,5.632E1,3.796E1,2.600E1,2.500E1,1.280E2,1.790E3,1.041E1,1.790E3,1.074E1,1.590E1,5.554E0,5.043E0,4.500E1,1.000E0,6.403E0,1.239E3,3.400E1,1.239E3,3.400E1,1.787E3,1.200E1,3.866E1,5.000E0,1.101E0,9.079E-1,9.362E-1
48,fields:fld0035,1.700E1,5.353E1,3.548E1,2.100E1,1.400E1,1.190E2,1.990E3,1.558E3,1.989E3,1.558E3,1.531E1,5.688E0,3.805E0,1.689E2,9.110E-1,6.325E0,9.100E2,5.200E1,9.100E2,3.500E1,1.987E3,1.557E3,1.616E2,4.000E0,1.495E0,6.690E-1,8.500E-1
49,fields:fld0035,2.300E1,7.243E1,4.307E1,1.900E1,1.900E1,1.400E2,9.167E2,1.590E3,9.168E2,1.590E3,1.731E1,5.679E0,5.157E0,1.129E2,9.642E-1,6.708E0,1.666E3,7.000E1,1.666E3,3.500E1,9.160E2,1.587E3,1.166E2,5.000E0,1.101E0,9.082E-1,8.846E-1
50,fields:fld0036,2.400E1,7.925E1,4.073E1,1.500E1,1.500E1,1.380E2,8.582E2,1.344E3,8.584E2,1.344E3,1.731E1,5.962E0,5.126E0,2.650E0,1.000E0,6.708E0,1.902E3,7.600E1,1.902E3,3.600E1,8.550E2,1.342E3,1.534E2,5.000E0,1.163E0,8.598E-1,8.889E-1
51,fields:fld0037,2.700E1,5.574E1,4.300E1,2.500E1,1.400E1,1.400E2,2.010E3,1.616E2,2.010E3,1.619E2,2.156E1,6.373E0,5.394E0,4.587E1,7.302E-1,7.616E0,1.505E3,3.100E1,1.505E3,3.700E1,2.007E3,1.630E2,2.320E1,6.000E0,1.182E0,8.464E-1,7.826E-1
52,fields:fld0037,2.300E1,6.909E1,3.581E1,3.200E1,2.300E1,1.280E2,5.114E2,1.928E2,5.115E2,1.931E2,1.756E1,5.792E0,5.056E0,1.289E2,9.377E-1,6.708E0,1.589E3,7.600E1,1.589E3,3.700E1,5.100E2,1.900E2,1.166E2,5.657E0,1.145E0,8.731E-1,8.364E-1
53,fields:fld0037,6.800E1,6.609E1,3.485E1,9.600E1,1.200E1,1.230E2,3.200E2,2.647E2,3.200E2,2.648E2,3.038E1,1.071E1,8.084E0,9.985E1,9.256E-1,1.140E1,4.494E3,6.500E1,4.494E3,3.700E1,3.190E2,2.590E2,1.053E2,8.000E0,1.325E0,7.548E-1,9.067E-1
54,fields:fld0040,3.100E1,8.506E1,4.057E1,9.200E1,1.300E1,1.420E2,1.045E3,1.100E3,1.045E3,1.100E3,1.990E1,6.506E0,6.067E0,1.792E2,9.838E-1,7.810E0,2.637E3,9.500E1,2.637E3,4.000E1,1.042E3,1.098E3,1.402E2,6.000E0,1.072E0,9.326E-1,9.254E-1
55,fields:fld0041,1.900E1,7.021E1,3.886E1,1.400E1,1.400E1,1.270E2,1.601E3,1.399E3,1.601E3,1.399E3,1.531E1,5.119E0,4.726E0,1.737E2,1.000E0,5.831E0,1.334E3,7.400E1,1.334E3,4.100E1,1.600E3,1.396E3,1.210E2,5.000E0,1.083E0,9.231E-1,8.837E-1
56,fields:fld0042,2.300E1,8.013E1,3.576E1,1.180E2,2.200E1,1.290E2,5.493E2,6.424E2,5.494E2,6.425E2,1.673E1,5.757E0,5.087E0,1.593E2,1.000E0,6.403E0,1.843E3,8.300E1,1.843E3,4.200E1,5.470E2,6.400E2,1.287E2,5.000E0,1.132E0,8.836E-1,8.846E-1
57,fields:fld0042,2.800E1,7.811E1,3.745E1,3.300E1,1.700E1,1.370E2,9.363E2,8.909E2,9.364E2,8.909E2,1.873E1,6.387E0,5.582E0,1.117E2,1.000E0,7.211E0,2.187E3,7.900E1,2.187E3,4.200E1,9.340E2,8.880E2,1.237E2,6.000E0,1.144E0,8.740E-1,8.889E-1
58,fields:fld0042,4.800E1,8.140E1,4.154E1,2.400E1,1.900E1,1.400E2,7.625E2,1.468E3,7.624E2,1.467E3,3.146E1,1.226E1,4.985E0,1.457E2,6.096E-1,1.273E1,3.907E3,8.500E1,3.907E3,4.200E1,7.580E2,1.463E3,1.350E2,6.270E0,2.459E0,4.066E-1,7.500E-1
59,fields:fld0043,2.300E1,8.391E1,3.424E1,9.700E1,2.800E1,1.290E2,5.033E2,7.234E2,5.034E2,7.235E2,1.673E1,5.757E0,5.087E0,1.593E2,1.000E0,6.403E0,1.930E3,9.200E1,1.930E3,4.300E1,5.010E2,7.210E2,1.287E2,5.000E0,1.132E0,8.836E-1,8.846E-1
60,fields:fld0046,1.100E1,3.482E1,2.502E1,1.500E1,1.500E1,8.500E1,1.803E3,2.637E2,1.803E3,2.639E2,1.307E1,4.994E0,2.804E0,8.130E0,8.091E-1,5.385E0,3.830E2,2.200E1,3.830E2,4.600E1,1.800E3,2.630E2,1.582E2,3.000E0,1.781E0,5.615E-1,8.462E-1
61,fields:fld0046,2.400E1,6.592E1,3.885E1,2.300E1,1.700E1,1.350E2,1.783E1,1.496E3,1.805E1,1.496E3,1.673E1,6.111E0,5.001E0,1.960E1,1.000E0,6.708E0,1.582E3,6.600E1,1.582E3,4.600E1,1.500E1,1.498E3,2.657E1,5.000E0,1.222E0,8.184E-1,9.057E-1
62,fields:fld0047,2.100E1,6.229E1,3.552E1,1.500E1,1.500E1,1.160E2,1.793E3,1.396E3,1.793E3,1.396E3,1.614E1,5.826E0,4.589E0,1.518E2,1.000E0,6.403E0,1.308E3,5.200E1,1.308E3,4.700E1,1.791E3,1.393E3,1.287E2,5.000E0,1.270E0,7.876E-1,8.400E-1
63,fields:fld0047,2.300E1,7.500E1,4.300E1,3.300E1,1.200E1,1.380E2,1.376E3,1.458E3,1.376E3,1.458E3,1.873E1,5.845E0,5.010E0,1.518E2,8.241E-1,7.071E0,1.725E3,9.000E1,1.725E3,4.700E1,1.373E3,1.456E3,1.350E2,5.000E0,1.167E0,8.571E-1,8.679E-1
64,fields:fld0049,2.300E1,6.635E1,4.243E1,2.100E1,1.500E1,1.400E2,2.034E3,7.333E2,2.034E3,7.333E2,1.673E1,6.069E0,4.826E0,2.524E1,1.000E0,6.708E0,1.526E3,5.600E1,1.526E3,4.900E1,2.031E3,7.350E2,2.657E1,5.000E0,1.258E0,7.951E-1,8.679E-1
65,fields:fld0050,2.600E1,7.131E1,3.761E1,3.800E1,1.200E1,1.330E2,1.222E3,1.778E2,1.223E3,1.780E2,1.790E1,6.494E0,5.098E0,7.191E1,1.000E0,7.211E0,1.854E3,7.200E1,1.854E3,5.000E1,1.221E3,1.810E2,5.631E1,5.000E0,1.274E0,7.851E-1,9.286E-1
66,fields:fld0050,2.900E1,7.355E1,4.005E1,2.600E1,1.200E1,1.390E2,1.117E3,2.982E2,1.117E3,2.983E2,1.873E1,6.548E0,5.639E0,3.545E1,1.000E0,7.211E0,2.133E3,7.400E1,2.133E3,5.000E1,1.114E3,3.000E2,3.369E1,6.000E0,1.161E0,8.611E-1,9.062E-1
67,fields:fld0050,2.500E1,8.424E1,4.399E1,9.900E1,1.400E1,1.390E2,6.551E2,8.516E2,6.552E2,8.518E2,1.731E1,6.257E0,5.087E0,8.536E0,1.000E0,6.708E0,2.106E3,9.900E1,2.106E3,5.000E1,6.520E2,8.500E2,1.534E2,5.000E0,1.230E0,8.130E-1,9.091E-1
68,fields:fld0050,1.800E1,6.589E1,3.902E1,1.900E1,1.800E1,1.200E2,1.955E3,1.305E3,1.955E3,1.305E3,1.531E1,5.987E0,3.828E0,1.684E2,9.645E-1,6.708E0,1.186E3,7.600E1,1.186E3,5.000E1,1.952E3,1.304E3,1.534E2,4.000E0,1.564E0,6.394E-1,8.780E-1
69,fields:fld0051,2.300E1,5.322E1,2.530E1,2.100E1,1.300E1,9.400E1,8.343E2,1.531E3,8.343E2,1.531E3,1.673E1,5.757E0,5.087E0,2.070E1,1.000E0,6.403E0,1.224E3,6.400E1,1.224E3,5.100E1,8.320E2,1.533E3,3.866E1,5.000E0,1.132E0,8.836E-1,8.846E-1
70,fields:fld0051,2.100E1,8.271E1,4.272E1,1.200E1,1.200E1,1.430E2,9.547E2,1.575E3,9.548E2,1.575E3,1.673E1,6.099E0,4.384E0,1.444E2,9.431E-1,7.211E0,1.737E3,9.800E1,1.737E3,5.100E1,9.520E2,1.573E3,1.463E2,4.950E0,1.391E0,7.188E-1,8.571E-1
71,fields:fld0053,2.100E1,7.890E1,4.098E1,1.160E2,2.200E1,1.350E2,1.068E3,2.174E2,1.068E3,2.175E2,1.673E1,5.623E0,4.755E0,1.131E1,9.431E-1,6.325E0,1.657E3,7.800E1,1.657E3,5.300E1,1.065E3,2.170E2,1.616E2,5.000E0,1.183E0,8.457E-1,8.571E-1
72,fields:fld0054,3.600E1,7.519E1,3.854E1,3.900E1,1.300E1,1.370E2,1.719E3,1.964E2,1.719E3,1.965E2,2.073E1,7.372E0,6.218E0,7.297E1,1.000E0,8.062E0,2.707E3,7.500E1,2.707E3,5.400E1,1.717E3,2.000E2,6.026E1,6.000E0,1.186E0,8.434E-1,9.351E-1
73,fields:fld0054,2.300E1,8.130E1,3.624E1,1.220E2,1.400E1,1.300E2,8.765E2,1.347E3,8.765E2,1.346E3,1.673E1,5.802E0,5.048E0,2.092E1,1.000E0,6.708E0,1.870E3,7.800E1,1.870E3,5.400E1,8.740E2,1.349E3,2.657E1,5.000E0,1.149E0,8.701E-1,9.020E-1
74,fields:fld0055,3.200E1,6.953E1,4.333E1,1.270E2,1.200E1,1.380E2,1.548E3,1.688E2,1.548E3,1.690E2,2.156E1,6.906E0,5.900E0,1.461E2,8.654E-1,8.062E0,2.225E3,7.500E1,2.225E3,5.500E1,1.544E3,1.670E2,1.503E2,6.000E0,1.171E0,8.542E-1,8.649E-1
75,fields:fld0055,1.000E0,1.600E1,0.000E0,1.600E1,1.600E1,1.600E1,1.544E3,1.695E2,1.544E3,1.695E2,2.828E0,1.128E0,1.128E0,0.000E0,1.000E0,1.414E0,1.600E1,1.600E1,1.600E1,5.500E1,1.543E3,1.690E2,1.350E2,1.000E0,1.000E0,1.000E0,1.000E0
76,fields:fld0056,2.000E1,7.565E1,4.400E1,2.300E1,1.500E1,1.430E2,1.659E3,1.105E3,1.659E3,1.105E3,1.590E1,5.446E0,4.675E0,1.591E2,9.942E-1,6.403E0,1.513E3,8.700E1,1.513E3,5.600E1,1.657E3,1.103E3,1.413E2,5.000E0,1.165E0,8.584E-1,8.889E-1
77,fields:fld0057,2.200E1,7.523E1,3.595E1,9.000E1,2.000E1,1.260E2,1.699E3,8.478E2,1.699E3,8.478E2,1.673E1,6.147E0,4.557E0,5.255E0,9.880E-1,6.708E0,1.655E3,9.000E1,1.655E3,5.700E1,1.696E3,8.460E2,1.534E2,5.000E0,1.349E0,7.413E-1,8.627E-1
78,fields:fld0058,2.300E1,7.313E1,4.458E1,3.100E1,1.200E1,1.320E2,1.761E3,6.443E2,1.761E3,6.444E2,1.873E1,6.267E0,4.673E0,9.790E0,8.241E-1,7.280E0,1.682E3,7.400E1,1.682E3,5.800E1,1.758E3,6.430E2,1.641E2,5.000E0,1.341E0,7.456E-1,8.214E-1
79,fields:fld0060,2.200E1,7.859E1,4.478E1,1.200E1,1.200E1,1.390E2,5.894E2,1.859E1,5.896E2,1.880E1,1.590E1,5.554E0,5.043E0,4.500E1,1.000E0,6.403E0,1.729E3,9.600E1,1.729E3,6.000E1,5.870E2,2.100E1,3.866E1,5.000E0,1.101E0,9.079E-1,9.362E-1
80,fields:fld0061,1.900E1,6.695E1,3.287E1,2.500E1,1.300E1,1.200E2,2.043E3,1.359E3,2.043E3,1.359E3,1.590E1,6.118E0,3.954E0,1.555E2,9.445E-1,7.211E0,1.272E3,5.800E1,1.272E3,6.100E1,2.040E3,1.357E3,1.463E2,4.000E0,1.547E0,6.464E-1,9.048E-1
81,fields:fld0062,2.400E1,6.988E1,4.259E1,1.200E1,1.200E1,1.390E2,1.887E3,7.513E2,1.887E3,7.512E2,1.873E1,6.161E0,4.959E0,1.523E2,8.599E-1,7.211E0,1.677E3,6.600E1,1.677E3,6.200E1,1.884E3,7.490E2,1.463E2,5.000E0,1.242E0,8.049E-1,8.889E-1
82,fields:fld0063,2.700E1,7.326E1,4.805E1,1.800E1,1.300E1,1.480E2,1.678E3,6.351E2,1.677E3,6.353E2,1.838E1,6.505E0,5.285E0,6.662E0,1.000E0,7.280E0,1.978E3,7.600E1,1.978E3,6.300E1,1.674E3,6.340E2,1.641E2,6.000E0,1.231E0,8.125E-1,8.182E-1
83,fields:fld0063,2.500E1,8.152E1,3.865E1,1.300E1,1.300E1,1.380E2,1.533E3,8.156E2,1.533E3,8.157E2,1.790E1,5.976E0,5.326E0,1.597E2,9.805E-1,7.071E0,2.038E3,8.500E1,2.038E3,6.300E1,1.530E3,8.130E2,1.350E2,5.000E0,1.122E0,8.913E-1,9.259E-1
84,fields:fld0063,2.100E1,6.862E1,4.057E1,1.900E1,1.600E1,1.310E2,1.938E3,9.669E2,1.938E3,9.670E2,1.673E1,5.784E0,4.623E0,1.653E2,9.431E-1,6.708E0,1.441E3,7.000E1,1.441E3,6.300E1,1.935E3,9.660E2,1.534E2,5.000E0,1.251E0,7.993E-1,8.571E-1
85,fields:fld0063,2.300E1,6.926E1,4.373E1,1.500E1,1.200E1,1.370E2,1.791E3,1.040E3,1.791E3,1.040E3,1.756E1,6.025E0,4.860E0,1.740E2,9.377E-1,7.280E0,1.593E3,7.700E1,1.593E3,6.300E1,1.788E3,1.041E3,1.595E1,5.000E0,1.240E0,8.067E-1,8.214E-1
86,fields:fld0063,2.500E1,8.428E1,3.952E1,1.600E1,1.600E1,1.390E2,8.317E2,1.094E3,8.319E2,1.094E3,1.790E1,5.863E0,5.430E0,1.683E2,9.805E-1,7.071E0,2.107E3,9.400E1,2.107E3,6.300E1,8.290E2,1.092E3,1.350E2,5.000E0,1.080E0,9.261E-1,9.091E-1
87,fields:fld0064,2.200E1,6.850E1,4.113E1,1.500E1,1.300E1,1.340E2,4.144E2,1.065E2,4.145E2,1.066E2,1.673E1,5.614E0,4.989E0,1.616E2,9.880E-1,6.708E0,1.507E3,6.700E1,1.507E3,6.400E1,4.110E2,1.050E2,1.534E2,5.000E0,1.125E0,8.886E-1,8.627E-1
88,fields:fld0064,2.300E1,6.643E1,3.841E1,2.500E1,1.500E1,1.320E2,2.009E3,1.179E3,2.009E3,1.178E3,1.814E1,6.115E0,4.789E0,1.438E2,8.781E-1,7.211E0,1.528E3,5.300E1,1.528E3,6.400E1,2.006E3,1.176E3,1.463E2,5.000E0,1.277E0,7.831E-1,8.679E-1
89,fields:fld0065,2.500E1,7.096E1,4.032E1,1.160E2,1.700E1,1.360E2,9.094E2,3.430E2,9.095E2,3.432E2,1.814E1,6.071E0,5.243E0,5.722E1,9.545E-1,6.708E0,1.774E3,6.500E1,1.774E3,6.500E1,9.060E2,3.440E2,2.657E1,6.000E0,1.158E0,8.636E-1,8.475E-1
90,fields:fld0065,2.900E1,4.797E1,2.239E1,1.200E1,1.200E1,9.000E1,1.081E3,1.121E3,1.081E3,1.121E3,2.190E1,8.821E0,4.186E0,9.047E1,7.599E-1,9.220E0,1.391E3,4.800E1,1.391E3,6.500E1,1.080E3,1.116E3,1.025E2,4.000E0,2.107E0,4.745E-1,9.062E-1
91,fields:fld0065,2.200E1,8.773E1,4.000E1,1.800E1,1.800E1,1.340E2,5.896E2,1.186E3,5.897E2,1.186E3,1.731E1,5.891E0,4.755E0,5.800E0,9.223E-1,6.708E0,1.930E3,1.060E2,1.930E3,6.500E1,5.870E2,1.188E3,2.657E1,5.000E0,1.239E0,8.072E-1,8.627E-1
92,fields:fld0067,2.100E1,6.710E1,3.741E1,1.700E1,1.400E1,1.220E2,3.131E2,1.635E2,3.133E2,1.638E2,1.731E1,5.245E0,5.098E0,7.386E1,8.803E-1,6.403E0,1.409E3,8.000E1,1.409E3,6.700E1,3.100E2,1.620E2,1.413E2,5.000E0,1.029E0,9.721E-1,8.235E-1
93,fields:fld0067,2.000E0,1.850E1,3.536E0,1.600E1,1.600E1,2.100E1,1.400E3,4.630E2,1.400E3,4.631E2,5.657E0,2.596E0,9.811E-1,1.350E2,7.854E-1,2.828E0,3.700E1,2.100E1,3.700E1,6.700E1,1.399E3,4.620E2,1.350E2,1.414E0,2.646E0,3.780E-1,6.667E-1
94,fields:fld0067,5.000E0,2.880E1,1.602E1,1.400E1,1.400E1,5.500E1,1.399E3,4.681E2,1.399E3,4.682E2,9.899E0,3.702E0,1.720E0,1.548E1,6.411E-1,4.472E0,1.440E2,2.300E1,1.440E2,6.700E1,1.397E3,4.690E2,2.657E1,2.000E0,2.152E0,4.646E-1,7.143E-1
95,fields:fld0067,2.000E0,3.200E1,4.243E0,2.900E1,2.900E1,3.500E1,1.400E3,4.710E2,1.400E3,4.710E2,4.828E0,2.257E0,1.128E0,9.000E1,1.000E0,2.236E0,6.400E1,3.500E1,6.400E1,6.700E1,1.399E3,4.700E2,1.166E2,1.000E0,2.000E0,5.000E-1,1.000E0
96,fields:fld0067,3.600E1,4.031E1,1.876E1,2.200E1,1.400E1,7.000E1,1.396E3,4.757E2,1.396E3,4.759E2,2.614E1,1.144E1,4.005E0,8.393E0,6.620E-1,1.140E1,1.451E3,4.200E1,1.451E3,6.700E1,1.391E3,4.770E2,1.526E1,4.597E0,2.857E0,3.500E-1,8.182E-1
97,fields:fld0067,2.200E1,6.273E1,4.486E1,2.000E1,1.200E1,1.300E2,2.014E3,8.043E2,2.014E3,8.044E2,1.673E1,5.674E0,4.937E0,1.753E2,9.880E-1,6.403E0,1.380E3,4.900E1,1.380E3,6.700E1,2.012E3,8.020E2,1.413E2,5.000E0,1.149E0,8.701E-1,8.627E-1
98,fields:fld0067,2.400E1,8.229E1,4.688E1,1.500E1,1.500E1,1.420E2,6.951E2,1.313E3,6.953E2,1.313E3,1.731E1,6.474E0,4.720E0,1.744E2,1.000E0,7.211E0,1.975E3,1.010E2,1.975E3,6.700E1,6.920E2,1.311E3,1.463E2,5.000E0,1.372E0,7.291E-1,8.889E-1
99,fields:fld0068,2.100E1,6.414E1,3.902E1,2.500E1,1.300E1,1.300E2,3.646E2,1.857E2,3.649E2,1.859E2,1.673E1,5.554E0,4.814E0,9.230E1,9.431E-1,6.708E0,1.347E3,5.900E1,1.347E3,6.800E1,3.630E2,1.830E2,1.166E2,5.000E0,1.154E0,8.667E-1,8.400E-1
100,fields:fld0069,5.400E1,8.209E1,4.281E1,1.700E1,1.700E1,1.470E2,1.424E3,4.823E2,1.424E3,4.823E2,3.404E1,1.219E1,5.638E0,7.333E1,5.856E-1,1.253E1,4.433E3,9.000E1,4.433E3,6.900E1,1.422E3,4.880E2,6.139E1,6.736E0,2.163E0,4.624E-1,7.883E-1
101,fields:fld0069,2.200E1,7.691E1,4.181E1,1.030E2,1.300E1,1.330E2,1.731E3,6.941E2,1.731E3,6.942E2,1.956E1,6.160E0,4.547E0,1.408E1,7.229E-1,7.280E0,1.692E3,1.000E2,1.692E3,6.900E1,1.728E3,6.950E2,1.595E1,5.000E0,1.355E0,7.381E-1,7.857E-1
102,fields:fld0070,2.800E1,5.936E1,4.493E1,1.600E1,1.500E1,1.390E2,1.725E3,2.499E2,1.725E3,2.502E2,2.014E1,6.326E0,5.636E0,4.533E1,8.673E-1,7.211E0,1.662E3,4.200E1,1.662E3,7.000E1,1.722E3,2.520E2,3.369E1,6.000E0,1.122E0,8.909E-1,8.615E-1
103,fields:fld0070,2.500E1,3.692E1,2.109E1,1.800E1,1.300E1,8.100E1,1.870E3,4.650E2,1.870E3,4.649E2,2.356E1,8.579E0,3.710E0,4.780E1,5.662E-1,1.063E1,9.230E2,2.800E1,9.230E2,7.000E1,1.866E3,4.700E2,4.881E1,4.950E0,2.312E0,4.325E-1,7.353E-1
104,fields:fld0070,1.000E0,1.800E1,0.000E0,1.800E1,1.800E1,1.800E1,1.870E3,4.785E2,1.870E3,4.785E2,2.828E0,1.128E0,1.128E0,0.000E0,1.000E0,1.414E0,1.800E1,1.800E1,1.800E1,7.000E1,1.869E3,4.780E2,1.350E2,1.000E0,1.000E0,1.000E0,1.000E0
105,fields:fld0070,5.100E1,8.002E1,3.942E1,1.290E2,1.600E1,1.440E2,1.965E3,5.423E2,1.965E3,5.424E2,3.038E1,1.244E1,5.219E0,1.712E1,6.942E-1,1.265E1,4.081E3,8.200E1,4.081E3,7.000E1,1.959E3,5.440E2,1.843E1,6.328E0,2.384E0,4.194E-1,7.846E-1
106,fields:fld0070,6.100E1,5.800E1,2.994E1,1.600E1,1.500E1,1.160E2,1.712E3,1.460E3,1.712E3,1.459E3,2.863E1,9.611E0,8.081E0,1.449E2,9.354E-1,1.077E1,3.538E3,5.700E1,3.538E3,7.000E1,1.707E3,1.458E3,1.582E2,8.485E0,1.189E0,8.408E-1,8.777E-1
107,fields:fld0072,2.600E1,7.131E1,4.059E1,2.000E1,1.200E1,1.320E2,1.300E3,2.067E2,1.300E3,2.069E2,1.873E1,6.115E0,5.413E0,6.070E1,9.315E-1,7.071E0,1.854E3,7.700E1,1.854E3,7.200E1,1.297E3,2.090E2,4.500E1,6.000E0,1.130E0,8.852E-1,8.525E-1
108,fields:fld0072,2.600E1,7.462E1,4.045E1,2.800E1,1.800E1,1.440E2,1.019E3,3.928E2,1.019E3,3.930E2,1.756E1,6.120E0,5.409E0,4.500E1,1.000E0,6.708E0,1.940E3,7.200E1,1.940E3,7.200E1,1.016E3,3.940E2,2.657E1,5.657E0,1.131E0,8.839E-1,8.814E-1
109,fields:fld0075,1.900E1,7.368E1,4.071E1,2.200E1,1.200E1,1.270E2,1.926E3,1.073E3,1.926E3,1.073E3,1.590E1,5.664E0,4.271E0,1.667E2,9.445E-1,6.708E0,1.400E3,7.800E1,1.400E3,7.500E1,1.923E3,1.072E3,1.534E2,4.000E0,1.326E0,7.542E-1,8.837E-1
110,fields:fld0075,2.200E1,6.827E1,3.802E1,4.100E1,1.400E1,1.280E2,1.895E3,1.130E3,1.895E3,1.130E3,1.673E1,5.448E0,5.142E0,1.667E2,9.880E-1,6.403E0,1.502E3,6.300E1,1.502E3,7.500E1,1.893E3,1.128E3,1.287E2,5.000E0,1.059E0,9.439E-1,8.627E-1
111,fields:fld0077,2.300E1,7.413E1,3.844E1,2.600E1,1.300E1,1.330E2,1.445E3,7.266E2,1.445E3,7.267E2,1.673E1,5.884E0,4.977E0,3.004E1,1.000E0,6.708E0,1.705E3,8.300E1,1.705E3,7.700E1,1.442E3,7.280E2,2.657E1,5.000E0,1.182E0,8.459E-1,8.846E-1
112,fields:fld0078,2.600E1,7.404E1,4.732E1,1.300E1,1.300E1,1.430E2,1.382E3,1.195E3,1.382E3,1.195E3,1.956E1,6.084E0,5.442E0,1.377E2,8.543E-1,7.211E0,1.925E3,7.800E1,1.925E3,7.800E1,1.381E3,1.192E3,1.237E2,6.000E0,1.118E0,8.944E-1,8.525E-1
113,fields:fld0079,1.100E1,5.045E1,2.585E1,1.700E1,1.700E1,9.100E1,1.637E3,1.514E3,1.637E3,1.514E3,1.190E1,3.807E0,3.678E0,4.500E1,9.762E-1,4.472E0,5.550E2,5.100E1,5.550E2,7.900E1,1.637E3,1.512E3,1.166E2,4.000E0,1.035E0,9.661E-1,8.462E-1
114,fields:fld0081,2.000E1,6.925E1,4.039E1,1.600E1,1.200E1,1.300E2,1.734E3,1.570E3,1.734E3,1.570E3,1.590E1,5.908E0,4.310E0,1.746E2,9.942E-1,6.403E0,1.385E3,6.000E1,1.385E3,8.100E1,1.732E3,1.568E3,1.413E2,4.000E0,1.371E0,7.296E-1,9.091E-1
115,fields:fld0082,2.600E1,7.058E1,4.147E1,1.010E2,1.300E1,1.420E2,1.648E3,4.439E2,1.648E3,4.441E2,1.814E1,6.015E0,5.503E0,5.997E1,9.927E-1,6.708E0,1.835E3,6.800E1,1.835E3,8.200E1,1.645E3,4.450E2,2.657E1,6.000E0,1.093E0,9.149E-1,8.667E-1
116,fields:fld0082,2.300E1,7.043E1,3.920E1,2.300E1,1.200E1,1.290E2,1.388E2,6.370E2,1.389E2,6.371E2,1.697E1,5.664E0,5.170E0,1.446E2,1.000E0,6.403E0,1.620E3,6.500E1,1.620E3,8.200E1,1.360E2,6.350E2,1.287E2,5.657E0,1.096E0,9.127E-1,8.214E-1
117,fields:fld0082,2.100E1,6.905E1,3.879E1,5.100E1,1.400E1,1.280E2,1.661E3,1.596E3,1.661E3,1.596E3,1.531E1,5.621E0,4.756E0,1.439E2,1.000E0,6.403E0,1.450E3,5.800E1,1.450E3,8.200E1,1.659E3,1.593E3,1.287E2,5.000E0,1.182E0,8.461E-1,9.130E-1
118,fields:fld0083,1.800E1,6.672E1,4.271E1,3.000E1,1.700E1,1.350E2,1.335E2,2.162E2,1.337E2,2.163E2,1.449E1,5.349E0,4.285E0,0.000E0,1.000E0,5.831E0,1.201E3,6.900E1,1.201E3,8.300E1,1.310E2,2.150E2,1.490E2,4.000E0,1.248E0,8.011E-1,9.474E-1
119,fields:fld0083,2.100E1,7.338E1,4.238E1,3.100E1,1.300E1,1.280E2,1.478E3,1.478E3,1.478E3,1.478E3,1.590E1,5.328E0,5.018E0,1.597E2,1.000E0,6.403E0,1.541E3,8.700E1,1.541E3,8.300E1,1.475E3,1.476E3,1.413E2,5.000E0,1.062E0,9.418E-1,9.130E-1
120,fields:fld0084,2.300E1,7.196E1,3.960E1,3.700E1,1.700E1,1.270E2,3.915E2,4.087E2,3.916E2,4.090E2,1.649E1,5.433E0,5.390E0,0.000E0,1.000E0,6.403E0,1.655E3,7.300E1,1.655E3,8.400E1,3.900E2,4.060E2,1.287E2,5.000E0,1.008E0,9.920E-1,9.583E-1
121,fields:fld0085,2.500E1,8.240E1,3.873E1,1.080E2,1.200E1,1.420E2,6.817E2,7.416E2,6.819E2,7.417E2,1.873E1,5.993E0,5.311E0,6.550E0,8.957E-1,7.211E0,2.060E3,9.100E1,2.060E3,8.500E1,6.790E2,7.440E2,3.369E1,5.000E0,1.128E0,8.861E-1,8.929E-1
122,fields:fld0087,2.600E1,7.281E1,3.728E1,2.200E1,1.800E1,1.330E2,7.096E2,6.309E2,7.098E2,6.309E2,1.814E1,5.981E0,5.535E0,5.987E1,9.927E-1,6.708E0,1.893E3,7.800E1,1.893E3,8.700E1,7.070E2,6.330E2,2.657E1,6.000E0,1.081E0,9.255E-1,8.667E-1
123,fields:fld0088,2.300E1,7.061E1,3.830E1,1.300E1,1.300E1,1.350E2,1.035E3,1.545E2,1.036E3,1.548E2,1.649E1,5.433E0,5.390E0,9.000E1,1.000E0,6.403E0,1.624E3,7.100E1,1.624E3,8.800E1,1.033E3,1.520E2,1.287E2,5.000E0,1.008E0,9.920E-1,9.583E-1
124,fields:fld0088,2.100E1,8.686E1,3.286E1,1.300E1,1.300E1,1.300E2,1.216E3,1.012E3,1.217E3,1.012E3,1.649E1,5.568E0,4.802E0,1.273E1,9.710E-1,6.403E0,1.824E3,9.500E1,1.824E3,8.800E1,1.214E3,1.010E3,1.413E2,5.000E0,1.159E0,8.625E-1,9.130E-1
125,fields:fld0088,2.100E1,8.171E1,3.997E1,1.300E1,1.300E1,1.330E2,1.165E3,1.029E3,1.165E3,1.029E3,1.614E1,5.856E0,4.566E0,1.758E1,1.000E0,6.708E0,1.716E3,9.900E1,1.716E3,8.800E1,1.162E3,1.030E3,2.657E1,5.000E0,1.282E0,7.797E-1,8.400E-1
126,fields:fld0089,2.200E1,7.477E1,4.159E1,1.200E1,1.200E1,1.440E2,7.066E2,2.697E2,7.067E2,2.699E2,1.649E1,5.469E0,5.122E0,5.631E1,1.000E0,6.403E0,1.645E3,8.400E1,1.645E3,8.900E1,7.050E2,2.670E2,1.287E2,5.000E0,1.068E0,9.366E-1,9.362E-1
127,fields:fld0089,2.200E1,6.118E1,3.383E1,4.300E1,1.600E1,1.260E2,1.750E2,5.433E2,1.750E2,5.433E2,1.673E1,5.832E0,4.803E0,1.964E1,9.880E-1,6.708E0,1.346E3,6.300E1,1.346E3,8.900E1,1.720E2,5.450E2,2.657E1,5.000E0,1.214E0,8.237E-1,8.627E-1
128,fields:fld0089,2.100E1,7.048E1,3.569E1,2.800E1,1.900E1,1.250E2,1.006E3,1.566E3,1.007E3,1.565E3,1.531E1,5.171E0,5.171E0,0.000E0,1.000E0,5.831E0,1.480E3,7.100E1,1.480E3,8.900E1,1.005E3,1.563E3,1.210E2,5.000E0,1.000E0,1.000E0,9.130E-1
129,fields:fld0090,1.000E1,4.030E1,3.440E1,1.400E1,1.400E1,1.080E2,1.457E3,2.880E2,1.458E3,2.883E2,1.049E1,4.111E0,3.097E0,9.000E1,1.000E0,4.472E0,4.030E2,2.400E1,4.030E2,9.000E1,1.456E3,2.860E2,1.166E2,3.000E0,1.327E0,7.534E-1,9.091E-1
130,fields:fld0090,2.000E1,9.645E1,3.943E1,1.700E1,1.700E1,1.430E2,1.427E3,8.369E2,1.427E3,8.370E2,1.590E1,5.908E0,4.310E0,1.746E2,9.942E-1,6.403E0,1.929E3,1.110E2,1.929E3,9.000E1,1.424E3,8.350E2,1.413E2,4.000E0,1.371E0,7.296E-1,9.091E-1
131,fields:fld0090,2.200E1,7.623E1,3.840E1,1.090E2,1.900E1,1.360E2,1.855E2,1.585E3,1.857E2,1.585E3,1.649E1,5.508E0,5.085E0,2.236E1,1.000E0,6.403E0,1.677E3,8.400E1,1.677E3,9.000E1,1.830E2,1.583E3,1.413E2,5.000E0,1.083E0,9.232E-1,9.362E-1
132,fields:fld0092,2.000E1,7.300E1,3.759E1,7.700E1,1.800E1,1.350E2,2.240E1,3.354E2,2.252E1,3.356E2,1.531E1,5.251E0,4.849E0,6.343E1,1.000E0,5.831E0,1.460E3,7.700E1,1.460E3,9.200E1,2.100E1,3.330E2,1.210E2,5.000E0,1.083E0,9.235E-1,8.889E-1
133,fields:fld0093,2.500E1,7.404E1,3.921E1,7.800E1,1.300E1,1.380E2,2.129E2,1.299E3,2.131E2,1.299E3,1.873E1,6.045E0,5.266E0,1.572E2,8.957E-1,7.211E0,1.851E3,7.500E1,1.851E3,9.300E1,2.100E2,1.297E3,1.463E2,5.000E0,1.148E0,8.711E-1,8.929E-1
134,fields:fld0094,2.400E1,6.983E1,4.544E1,2.500E1,1.200E1,1.380E2,1.823E3,1.605E2,1.823E3,1.606E2,1.931E1,6.217E0,4.916E0,3.167E1,8.085E-1,7.211E0,1.676E3,7.100E1,1.676E3,9.400E1,1.820E3,1.620E2,3.369E1,5.000E0,1.265E0,7.907E-1,8.727E-1
135,fields:fld0095,2.300E1,7.139E1,4.579E1,3.900E1,1.300E1,1.380E2,1.977E3,3.412E2,1.977E3,3.415E2,1.731E1,6.401E0,4.575E0,2.907E1,9.642E-1,7.211E0,1.642E3,6.700E1,1.642E3,9.500E1,1.974E3,3.430E2,3.369E1,5.000E0,1.399E0,7.146E-1,8.846E-1
136,fields:fld0095,2.200E1,7.955E1,3.828E1,5.300E1,1.700E1,1.380E2,1.482E2,8.403E2,1.483E2,8.402E2,1.673E1,5.567E0,5.032E0,1.476E2,9.880E-1,6.403E0,1.750E3,8.600E1,1.750E3,9.500E1,1.460E2,8.380E2,1.287E2,5.000E0,1.106E0,9.038E-1,8.627E-1
137,fields:fld0097,2.700E1,7.167E1,3.850E1,3.800E1,1.400E1,1.370E2,6.492E2,5.748E2,6.494E2,5.751E2,1.873E1,6.252E0,5.499E0,9.874E1,9.674E-1,7.211E0,1.935E3,6.500E1,1.935E3,9.700E1,6.470E2,5.720E2,1.237E2,6.000E0,1.137E0,8.796E-1,8.710E-1
138,fields:fld0097,2.100E1,8.324E1,3.602E1,3.100E1,3.100E1,1.410E2,4.777E2,1.193E3,4.778E2,1.193E3,1.590E1,5.328E0,5.018E0,1.103E2,1.000E0,6.403E0,1.748E3,8.700E1,1.748E3,9.700E1,4.760E2,1.190E3,1.287E2,5.000E0,1.062E0,9.418E-1,9.130E-1
139,fields:fld0098,1.800E1,5.494E1,3.322E1,2.900E1,1.900E1,1.190E2,5.944E1,4.983E1,5.967E1,5.002E1,1.590E1,5.481E0,4.181E0,6.287E0,8.948E-1,6.403E0,9.890E2,3.700E1,9.890E2,9.800E1,5.700E1,5.200E1,3.866E1,4.000E0,1.311E0,7.629E-1,9.231E-1
140,fields:fld0098,2.300E1,7.635E1,3.423E1,7.400E1,1.700E1,1.350E2,6.824E2,4.632E2,6.824E2,4.634E2,1.756E1,5.659E0,5.175E0,5.306E1,9.377E-1,6.403E0,1.756E3,7.300E1,1.756E3,9.800E1,6.790E2,4.620E2,1.413E2,6.000E0,1.094E0,9.144E-1,8.070E-1
141,fields:fld0099,2.200E1,7.155E1,3.957E1,9.200E1,1.900E1,1.340E2,1.728E2,4.193E2,1.728E2,4.195E2,1.673E1,5.674E0,4.937E0,4.655E0,9.880E-1,6.403E0,1.574E3,7.300E1,1.574E3,9.900E1,1.700E2,4.210E2,3.866E1,5.000E0,1.149E0,8.701E-1,8.627E-1
142,fields:fld0099,2.300E1,7.048E1,3.954E1,7.300E1,1.400E1,1.310E2,4.451E2,6.048E2,4.452E2,6.051E2,1.756E1,5.837E0,5.017E0,1.291E2,9.377E-1,6.708E0,1.621E3,7.300E1,1.621E3,9.900E1,4.430E2,6.020E2,1.166E2,5.657E0,1.163E0,8.595E-1,8.214E-1
143,fields:fld0099,2.600E1,7.769E1,4.116E1,1.350E2,1.600E1,1.350E2,1.380E3,1.235E3,1.380E3,1.235E3,1.814E1,6.042E0,5.479E0,1.409E2,9.927E-1,7.211E0,2.020E3,8.200E1,2.020E3,9.900E1,1.378E3,1.232E3,1.237E2,5.816E0,1.103E0,9.068E-1,8.525E-1
144,fields:fld0099,2.000E1,8.065E1,3.700E1,2.100E1,2.100E1,1.330E2,1.092E3,1.421E3,1.092E3,1.421E3,1.614E1,5.241E0,4.858E0,3.798E1,9.645E-1,6.325E0,1.613E3,8.700E1,1.613E3,9.900E1,1.089E3,1.422E3,1.843E1,5.000E0,1.079E0,9.270E-1,8.333E-1
145,fields:fld0101,2.400E1,7.538E1,3.568E1,1.700E1,1.700E1,1.240E2,4.126E2,1.167E3,4.127E2,1.166E3,1.731E1,6.034E0,5.065E0,8.491E1,1.000E0,6.708E0,1.809E3,8.300E1,1.809E3,1.010E2,4.110E2,1.164E3,1.166E2,5.000E0,1.191E0,8.394E-1,9.057E-1
146,fields:fld0101,2.400E1,7.379E1,4.158E1,3.100E1,1.300E1,1.320E2,1.747E2,1.494E3,1.749E2,1.494E3,1.873E1,6.099E0,5.010E0,2.204E0,8.599E-1,7.211E0,1.771E3,9.300E1,1.771E3,1.010E2,1.720E2,1.492E3,1.463E2,5.000E0,1.217E0,8.214E-1,8.727E-1
147,fields:fld0102,2.700E1,7.181E1,4.574E1,1.300E1,1.300E1,1.450E2,1.684E3,3.628E2,1.684E3,3.629E2,1.956E1,6.219E0,5.528E0,5.617E1,8.872E-1,7.211E0,1.939E3,7.400E1,1.939E3,1.020E2,1.681E3,3.650E2,3.369E1,6.000E0,1.125E0,8.889E-1,8.571E-1
148,fields:fld0103,2.000E1,6.120E1,3.578E1,1.800E1,1.800E1,1.210E2,2.186E2,1.664E2,2.189E2,1.666E2,1.531E1,5.251E0,4.849E0,1.534E2,1.000E0,5.831E0,1.224E3,5.200E1,1.224E3,1.030E2,2.170E2,1.640E2,1.210E2,5.000E0,1.083E0,9.235E-1,8.889E-1
149,fields:fld0103,2.300E1,5.396E1,3.809E1,2.900E1,1.300E1,1.260E2,1.889E3,1.298E3,1.889E3,1.298E3,1.673E1,5.800E0,5.049E0,1.639E2,1.000E0,6.403E0,1.241E3,3.000E1,1.241E3,1.030E2,1.887E3,1.295E3,1.287E2,5.000E0,1.149E0,8.705E-1,8.846E-1
150,fields:fld0104,2.400E1,7.450E1,3.770E1,1.230E2,1.300E1,1.270E2,5.693E2,5.403E2,5.695E2,5.402E2,1.756E1,5.701E0,5.360E0,1.350E2,9.785E-1,6.403E0,1.788E3,7.200E1,1.788E3,1.040E2,5.670E2,5.380E2,1.287E2,5.657E0,1.064E0,9.401E-1,8.421E-1
151,fields:fld0105,2.500E1,7.736E1,3.942E1,6.600E1,1.700E1,1.340E2,1.417E3,7.597E2,1.417E3,7.596E2,1.897E1,5.993E0,5.311E0,6.351E1,8.730E-1,6.708E0,1.934E3,7.900E1,1.934E3,1.050E2,1.415E3,7.570E2,1.166E2,6.000E0,1.128E0,8.862E-1,8.197E-1
152,fields:fld0107,2.400E1,6.425E1,4.338E1,1.900E1,1.600E1,1.400E2,1.973E3,1.044E3,1.973E3,1.044E3,1.731E1,6.235E0,4.901E0,1.447E2,1.000E0,7.211E0,1.542E3,4.900E1,1.542E3,1.070E2,1.970E3,1.043E3,1.463E2,5.000E0,1.272E0,7.859E-1,9.057E-1
153,fields:fld0108,2.100E1,7.557E1,3.936E1,8.800E1,1.600E1,1.310E2,9.293E2,1.383E3,9.292E2,1.383E3,1.673E1,5.478E0,4.881E0,1.189E2,9.431E-1,6.403E0,1.587E3,8.800E1,1.587E3,1.080E2,9.270E2,1.381E3,1.287E2,5.000E0,1.122E0,8.911E-1,8.936E-1
154,fields:fld0110,2.300E1,7.339E1,3.842E1,4.200E1,2.400E1,1.410E2,9.128E1,7.986E2,9.149E1,7.985E2,1.673E1,5.757E0,5.087E0,2.070E1,1.000E0,6.403E0,1.688E3,6.300E1,1.688E3,1.100E2,8.900E1,8.010E2,3.866E1,5.000E0,1.132E0,8.836E-1,8.846E-1
155,fields:fld0111,2.500E1,6.792E1,4.605E1,1.200E1,1.200E1,1.380E2,1.931E3,7.101E2,1.931E3,7.100E2,1.814E1,6.171E0,5.158E0,2.052E1,9.545E-1,7.211E0,1.698E3,5.600E1,1.698E3,1.110E2,1.928E3,7.120E2,3.369E1,5.657E0,1.196E0,8.358E-1,8.475E-1
156,fields:fld0112,2.700E1,6.659E1,4.574E1,1.400E1,1.400E1,1.420E2,1.748E3,9.283E1,1.748E3,9.322E1,1.873E1,6.174E0,5.568E0,6.086E1,9.674E-1,7.211E0,1.798E3,4.200E1,1.798E3,1.120E2,1.746E3,9.600E1,5.631E1,6.000E0,1.109E0,9.019E-1,8.710E-1
157,fields:fld0112,2.600E1,8.450E1,4.296E1,1.700E1,1.700E1,1.400E2,1.548E3,1.172E3,1.548E3,1.172E3,1.814E1,6.165E0,5.370E0,1.325E2,9.927E-1,7.211E0,2.197E3,9.200E1,2.197E3,1.120E2,1.545E3,1.170E3,1.463E2,6.000E0,1.148E0,8.711E-1,8.525E-1
158,fields:fld0113,2.000E1,7.900E1,3.583E1,9.300E1,2.200E1,1.410E2,5.980E2,5.262E2,5.981E2,5.263E2,1.614E1,5.241E0,4.858E0,1.420E2,9.645E-1,6.325E0,1.580E3,8.600E1,1.580E3,1.130E2,5.950E2,5.250E2,1.616E2,5.000E0,1.079E0,9.270E-1,8.333E-1
159,fields:fld0114,2.500E1,7.384E1,4.539E1,1.300E1,1.200E1,1.420E2,1.374E3,1.213E3,1.374E3,1.213E3,1.731E1,5.979E0,5.324E0,1.136E2,1.000E0,7.071E0,1.846E3,8.300E1,1.846E3,1.140E2,1.371E3,1.211E3,1.350E2,5.000E0,1.123E0,8.906E-1,9.091E-1
160,fields:fld0116,2.600E1,6.912E1,4.648E1,2.800E1,1.600E1,1.460E2,1.816E3,4.746E1,1.816E3,4.757E1,1.849E1,6.002E0,5.515E0,1.616E2,9.562E-1,7.211E0,1.797E3,7.500E1,1.797E3,1.160E2,1.813E3,4.600E1,1.463E2,5.000E0,1.088E0,9.189E-1,9.286E-1
161,fields:fld0118,5.000E0,6.720E1,4.056E1,1.800E1,1.800E1,1.110E2,8.303E2,9.901E2,8.306E2,9.901E2,7.071E0,3.144E0,2.025E0,1.616E2,1.000E0,3.606E0,3.360E2,7.500E1,3.360E2,1.180E2,8.290E2,9.890E2,1.463E2,2.000E0,1.553E0,6.439E-1,9.091E-1
162,fields:fld0118,2.300E1,7.870E1,4.134E1,3.300E1,1.700E1,1.380E2,6.521E2,1.498E3,6.523E2,1.498E3,1.673E1,5.800E0,5.049E0,1.639E2,1.000E0,6.403E0,1.810E3,8.900E1,1.810E3,1.180E2,6.500E2,1.496E3,1.287E2,5.000E0,1.149E0,8.705E-1,8.846E-1
163,fields:fld0119,2.700E1,7.511E1,4.436E1,1.300E1,1.300E1,1.440E2,1.444E3,3.668E2,1.445E3,3.671E2,1.873E1,6.213E0,5.534E0,5.713E1,9.674E-1,7.211E0,2.028E3,8.100E1,2.028E3,1.190E2,1.443E3,3.700E2,5.631E1,6.000E0,1.123E0,8.907E-1,8.852E-1
164,fields:fld0119,2.200E1,8.286E1,4.092E1,1.700E1,1.700E1,1.340E2,1.612E3,9.299E2,1.612E3,9.300E2,1.673E1,5.893E0,4.754E0,3.553E0,9.880E-1,6.708E0,1.823E3,9.900E1,1.823E3,1.190E2,1.609E3,9.320E2,2.657E1,5.000E0,1.240E0,8.067E-1,8.627E-1
165,fields:fld0120,2.000E1,5.620E1,3.058E1,2.200E1,2.200E1,1.080E2,5.240E2,2.122E2,5.242E2,2.124E2,1.614E1,5.420E0,4.698E0,2.382E1,9.645E-1,6.325E0,1.124E3,4.800E1,1.124E3,1.200E2,5.210E2,2.130E2,1.843E1,5.000E0,1.154E0,8.667E-1,8.163E-1
166,fields:fld0121,2.800E1,6.368E1,4.247E1,2.800E1,1.500E1,1.370E2,1.509E3,4.075E1,1.509E3,4.104E1,1.956E1,6.086E0,5.858E0,4.643E1,9.200E-1,7.211E0,1.783E3,4.800E1,1.783E3,1.210E2,1.506E3,4.300E1,3.369E1,6.000E0,1.039E0,9.625E-1,8.750E-1
167,fields:fld0121,2.500E1,7.972E1,4.557E1,1.900E1,1.500E1,1.430E2,1.330E3,1.185E3,1.330E3,1.185E3,1.756E1,6.286E0,5.064E0,1.545E2,1.000E0,7.211E0,1.993E3,9.800E1,1.993E3,1.210E2,1.327E3,1.183E3,1.463E2,5.657E0,1.241E0,8.057E-1,8.475E-1
168,fields:fld0121,2.100E1,7.138E1,3.716E1,9.400E1,1.200E1,1.320E2,1.052E3,1.391E3,1.053E3,1.391E3,1.649E1,5.254E0,5.090E0,8.130E0,9.710E-1,6.403E0,1.499E3,7.600E1,1.499E3,1.210E2,1.050E3,1.389E3,1.287E2,5.000E0,1.032E0,9.688E-1,9.130E-1
169,fields:fld0122,2.400E1,8.000E1,3.928E1,3.100E1,1.500E1,1.380E2,5.858E2,1.028E3,5.859E2,1.029E3,1.731E1,5.735E0,5.329E0,0.000E0,1.000E0,6.403E0,1.920E3,8.700E1,1.920E3,1.220E2,5.840E2,1.026E3,1.287E2,5.000E0,1.076E0,9.292E-1,8.889E-1
170,fields:fld0122,2.700E1,7.763E1,4.260E1,1.200E1,1.200E1,1.350E2,8.502E2,1.048E3,8.503E2,1.048E3,2.014E1,6.167E0,5.575E0,1.484E2,8.363E-1,7.211E0,2.096E3,8.400E1,2.096E3,1.220E2,8.470E2,1.046E3,1.463E2,6.000E0,1.106E0,9.040E-1,8.571E-1
171,fields:fld0123,2.600E1,6.550E1,4.477E1,2.000E1,1.400E1,1.370E2,1.315E3,9.035E1,1.315E3,9.063E1,1.790E1,6.518E0,5.079E0,1.711E1,1.000E0,7.211E0,1.703E3,5.300E1,1.703E3,1.230E2,1.312E3,9.200E1,3.369E1,5.000E0,1.283E0,7.792E-1,9.286E-1
172,fields:fld0123,2.400E1,8.362E1,3.959E1,1.160E2,1.600E1,1.410E2,1.542E3,7.093E2,1.542E3,7.094E2,1.731E1,5.805E0,5.264E0,1.769E2,1.000E0,6.708E0,2.007E3,9.400E1,2.007E3,1.230E2,1.539E3,7.070E2,1.534E2,5.000E0,1.103E0,9.069E-1,9.057E-1
173,fields:fld0124,2.300E1,7.587E1,3.973E1,9.300E1,1.400E1,1.460E2,1.126E3,1.221E3,1.126E3,1.221E3,1.697E1,5.622E0,5.209E0,1.013E2,1.000E0,6.325E0,1.745E3,7.400E1,1.745E3,1.240E2,1.125E3,1.218E3,1.084E2,5.657E0,1.079E0,9.265E-1,8.364E-1
174,fields:fld0125,2.900E1,5.748E1,4.568E1,1.800E1,1.600E1,1.410E2,2.010E3,3.429E2,2.009E3,3.432E2,1.956E1,6.680E0,5.527E0,2.431E1,9.529E-1,7.280E0,1.667E3,3.100E1,1.667E3,1.250E2,2.006E3,3.420E2,1.641E2,6.000E0,1.209E0,8.274E-1,8.406E-1
175,fields:fld0125,2.200E1,8.727E1,4.148E1,2.900E1,2.000E1,1.450E2,5.805E2,9.688E2,5.804E2,9.689E2,1.590E1,5.508E0,5.085E0,1.576E2,1.000E0,6.403E0,1.920E3,9.700E1,1.920E3,1.250E2,5.790E2,9.660E2,1.287E2,5.000E0,1.083E0,9.232E-1,9.362E-1
176,fields:fld0126,2.400E1,7.333E1,4.563E1,1.300E1,1.300E1,1.440E2,1.967E3,4.215E2,1.967E3,4.217E2,1.731E1,6.235E0,4.901E0,3.529E1,1.000E0,7.211E0,1.760E3,6.600E1,1.760E3,1.260E2,1.964E3,4.240E2,3.369E1,5.000E0,1.272E0,7.859E-1,9.057E-1
177,fields:fld0127,2.500E1,6.352E1,4.424E1,1.600E1,1.500E1,1.350E2,1.863E3,5.742E1,1.863E3,5.754E1,1.873E1,6.045E0,5.266E0,2.283E1,8.957E-1,7.211E0,1.588E3,4.500E1,1.588E3,1.270E2,1.860E3,5.900E1,3.369E1,5.000E0,1.148E0,8.711E-1,8.929E-1
178,fields:fld0127,2.100E1,7.295E1,4.739E1,2.600E1,1.200E1,1.380E2,1.441E3,1.393E3,1.441E3,1.393E3,1.756E1,6.124E0,4.366E0,1.537E2,8.562E-1,7.616E0,1.532E3,7.900E1,1.532E3,1.270E2,1.438E3,1.391E3,1.568E2,4.950E0,1.403E0,7.130E-1,8.077E-1
179,fields:fld0128,2.100E1,6.295E1,3.744E1,2.800E1,2.000E1,1.250E2,3.157E2,6.064E1,3.159E2,6.100E1,1.590E1,5.328E0,5.018E0,1.103E2,1.000E0,6.403E0,1.322E3,5.300E1,1.322E3,1.280E2,3.140E2,5.800E1,1.287E2,5.000E0,1.062E0,9.418E-1,9.130E-1
180,fields:fld0129,2.100E1,7.229E1,3.542E1,3.600E1,1.700E1,1.320E2,3.850E1,1.066E3,3.852E1,1.066E3,1.531E1,5.171E0,5.171E0,0.000E0,1.000E0,5.831E0,1.518E3,6.700E1,1.518E3,1.290E2,3.700E1,1.064E3,1.210E2,5.000E0,1.000E0,1.000E0,9.130E-1
181,fields:fld0130,5.900E1,7.561E1,4.360E1,2.000E1,1.200E1,1.440E2,1.438E3,3.813E2,1.438E3,3.815E2,3.263E1,1.236E1,6.079E0,1.270E2,6.965E-1,1.273E1,4.461E3,7.900E1,4.461E3,1.300E2,1.433E3,3.770E2,1.350E2,7.186E0,2.033E0,4.919E-1,7.763E-1
182,fields:fld0131,2.200E1,7.618E1,3.991E1,1.320E2,1.500E1,1.320E2,4.992E2,4.093E2,4.994E2,4.093E2,1.673E1,5.674E0,4.937E0,1.753E2,9.880E-1,6.403E0,1.676E3,8.000E1,1.676E3,1.310E2,4.970E2,4.070E2,1.413E2,5.000E0,1.149E0,8.701E-1,8.627E-1
183,fields:fld0131,2.700E1,7.474E1,4.015E1,2.200E1,1.600E1,1.410E2,1.395E3,4.448E2,1.395E3,4.449E2,1.814E1,6.033E0,5.699E0,5.648E1,1.000E0,6.708E0,2.018E3,8.200E1,2.018E3,1.310E2,1.393E3,4.420E2,1.166E2,6.000E0,1.059E0,9.446E-1,8.852E-1
184,fields:fld0131,2.400E1,6.788E1,4.136E1,2.500E1,1.500E1,1.350E2,1.996E3,8.029E2,1.996E3,8.030E2,1.697E1,5.889E0,5.189E0,3.488E1,1.000E0,6.708E0,1.629E3,7.100E1,1.629E3,1.310E2,1.993E3,8.040E2,2.657E1,5.657E0,1.135E0,8.812E-1,8.276E-1
185,fields:fld0132,2.600E1,7.138E1,4.235E1,1.200E1,1.200E1,1.370E2,4.936E2,1.080E2,4.939E2,1.081E2,1.790E1,6.342E0,5.220E0,1.117E2,1.000E0,7.211E0,1.856E3,8.200E1,1.856E3,1.320E2,4.920E2,1.050E2,1.237E2,5.000E0,1.215E0,8.231E-1,9.286E-1
186,fields:fld0132,2.400E1,6.633E1,3.651E1,1.800E1,1.400E1,1.300E2,1.032E3,2.910E2,1.032E3,2.912E2,1.731E1,5.989E0,5.102E0,9.140E1,1.000E0,6.708E0,1.592E3,7.000E1,1.592E3,1.320E2,1.031E3,2.940E2,6.343E1,5.000E0,1.174E0,8.519E-1,8.889E-1
187,fields:fld0133,2.300E1,7.961E1,3.870E1,1.900E1,1.900E1,1.390E2,7.179E2,2.209E2,7.181E2,2.210E2,1.897E1,5.670E0,5.165E0,9.745E1,8.031E-1,6.403E0,1.831E3,8.700E1,1.831E3,1.330E2,7.150E2,2.190E2,1.287E2,5.657E0,1.098E0,9.110E-1,8.070E-1
188,fields:fld0134,2.300E1,6.804E1,3.684E1,1.600E1,1.600E1,1.340E2,4.672E1,9.616E2,4.682E1,9.616E2,1.673E1,5.757E0,5.087E0,1.593E2,1.000E0,6.403E0,1.565E3,5.600E1,1.565E3,1.340E2,4.500E1,9.590E2,1.287E2,5.000E0,1.132E0,8.836E-1,8.846E-1
189,fields:fld0134,2.300E1,7.026E1,4.212E1,1.300E1,1.300E1,1.280E2,1.596E3,1.174E3,1.596E3,1.174E3,1.649E1,5.433E0,5.390E0,0.000E0,1.000E0,6.403E0,1.616E3,7.800E1,1.616E3,1.340E2,1.594E3,1.171E3,1.287E2,5.000E0,1.008E0,9.920E-1,9.583E-1
190,fields:fld0135,2.300E1,7.557E1,3.594E1,5.100E1,2.100E1,1.320E2,1.593E2,1.081E3,1.593E2,1.081E3,1.673E1,5.757E0,5.087E0,1.593E2,1.000E0,6.403E0,1.738E3,6.400E1,1.738E3,1.350E2,1.570E2,1.079E3,1.287E2,5.000E0,1.132E0,8.836E-1,8.846E-1
191,fields:fld0135,2.200E1,7.186E1,3.900E1,1.200E1,1.200E1,1.290E2,1.544E3,1.403E3,1.544E3,1.403E3,1.673E1,5.567E0,5.032E0,1.476E2,9.880E-1,6.403E0,1.581E3,6.600E1,1.581E3,1.350E2,1.542E3,1.400E3,1.287E2,5.000E0,1.106E0,9.038E-1,8.627E-1
192,fields:fld0136,2.200E1,7.673E1,4.020E1,1.500E1,1.500E1,1.340E2,6.264E2,4.636E2,6.266E2,4.636E2,1.590E1,5.554E0,5.043E0,4.500E1,1.000E0,6.403E0,1.688E3,8.200E1,1.688E3,1.360E2,6.240E2,4.660E2,3.866E1,5.000E0,1.101E0,9.079E-1,9.362E-1
193,fields:fld0136,2.500E1,7.324E1,4.433E1,1.800E1,1.500E1,1.440E2,3.691E2,5.535E2,3.692E2,5.538E2,1.731E1,6.042E0,5.268E0,1.087E1,1.000E0,6.708E0,1.831E3,6.100E1,1.831E3,1.360E2,3.660E2,5.550E2,2.657E1,5.000E0,1.147E0,8.720E-1,9.091E-1
194,fields:fld0136,1.800E1,8.056E1,3.821E1,1.120E2,1.600E1,1.270E2,1.798E3,1.050E3,1.798E3,1.050E3,1.449E1,5.349E0,4.285E0,0.000E0,1.000E0,5.831E0,1.450E3,9.400E1,1.450E3,1.360E2,1.796E3,1.049E3,1.490E2,4.000E0,1.248E0,8.011E-1,9.474E-1
195,fields:fld0139,2.000E1,6.435E1,3.423E1,2.500E1,2.300E1,1.220E2,4.356E2,9.955E1,4.359E2,9.984E1,1.531E1,5.251E0,4.849E0,6.343E1,1.000E0,5.831E0,1.287E3,6.200E1,1.287E3,1.390E2,4.340E2,9.700E1,1.210E2,5.000E0,1.083E0,9.235E-1,8.889E-1
196,fields:fld0139,2.400E1,5.988E1,4.012E1,2.000E1,1.300E1,1.230E2,2.042E3,1.304E3,2.042E3,1.303E3,1.814E1,6.619E0,4.617E0,1.758E2,9.163E-1,7.280E0,1.437E3,5.500E1,1.437E3,1.390E2,2.039E3,1.302E3,1.641E2,5.000E0,1.434E0,6.975E-1,8.421E-1
197,fields:fld0140,2.300E1,7.048E1,4.508E1,2.000E1,1.500E1,1.390E2,6.772E2,1.559E3,6.774E2,1.559E3,1.697E1,5.521E0,5.304E0,2.786E0,1.000E0,6.403E0,1.621E3,6.200E1,1.621E3,1.400E2,6.750E2,1.561E3,3.866E1,5.657E0,1.041E0,9.606E-1,8.214E-1
198,fields:fld0141,2.100E1,7.500E1,4.131E1,1.200E2,1.300E1,1.440E2,4.143E2,6.104E2,4.144E2,6.104E2,1.673E1,5.554E0,4.814E0,1.777E2,9.431E-1,6.708E0,1.575E3,6.400E1,1.575E3,1.410E2,4.110E2,6.090E2,1.534E2,5.000E0,1.154E0,8.667E-1,8.400E-1
199,fields:fld0142,2.200E1,7.691E1,4.336E1,1.800E1,1.600E1,1.410E2,5.394E2,5.600E2,5.394E2,5.601E2,1.614E1,5.691E0,4.922E0,5.719E1,1.000E0,6.403E0,1.692E3,8.600E1,1.692E3,1.420E2,5.370E2,5.620E2,3.866E1,5.000E0,1.156E0,8.649E-1,8.627E-1
200,fields:fld0143,2.300E1,6.774E1,4.108E1,3.300E1,1.200E1,1.380E2,1.811E3,4.852E2,1.811E3,4.852E2,1.673E1,5.993E0,4.886E0,1.347E1,1.000E0,6.708E0,1.558E3,5.600E1,1.558E3,1.430E2,1.808E3,4.860E2,2.657E1,5.000E0,1.227E0,8.152E-1,9.020E-1
201,fields:fld0143,2.200E1,7.341E1,3.890E1,3.100E1,2.100E1,1.290E2,6.046E2,6.594E2,6.047E2,6.593E2,1.673E1,5.717E0,4.899E0,3.089E1,9.880E-1,6.403E0,1.615E3,6.900E1,1.615E3,1.430E2,6.020E2,6.610E2,3.866E1,5.000E0,1.167E0,8.569E-1,8.462E-1
202,fields:fld0143,2.500E1,7.692E1,3.881E1,1.500E1,1.500E1,1.330E2,2.353E2,1.409E3,2.355E2,1.409E3,1.814E1,6.125E0,5.197E0,1.704E2,9.545E-1,7.280E0,1.923E3,8.000E1,1.923E3,1.430E2,2.320E2,1.408E3,1.641E2,5.000E0,1.179E0,8.484E-1,8.621E-1
203,fields:fld0144,2.200E1,7.086E1,3.974E1,4.600E1,1.300E1,1.370E2,2.265E2,2.977E2,2.266E2,2.978E2,1.673E1,5.700E0,4.914E0,1.753E2,9.880E-1,6.708E0,1.559E3,6.700E1,1.559E3,1.440E2,2.240E2,2.960E2,1.534E2,5.000E0,1.160E0,8.621E-1,8.627E-1
204,fields:fld0146,2.100E1,7.267E1,3.530E1,3.000E1,2.200E1,1.250E2,6.425E2,1.102E2,6.428E2,1.103E2,1.649E1,5.254E0,5.090E0,1.719E2,9.710E-1,6.403E0,1.526E3,7.700E1,1.526E3,1.460E2,6.400E2,1.080E2,1.413E2,5.000E0,1.032E0,9.688E-1,9.130E-1
205,fields:fld0146,2.200E1,5.691E1,3.888E1,1.190E2,1.200E1,1.190E2,3.800E1,2.257E2,3.824E1,2.260E2,1.614E1,5.832E0,4.803E0,1.964E1,1.000E0,6.708E0,1.252E3,4.600E1,1.252E3,1.460E2,3.500E1,2.270E2,2.657E1,5.000E0,1.214E0,8.237E-1,8.627E-1
206,fields:fld0146,2.600E1,7.758E1,4.422E1,2.100E1,2.000E1,1.460E2,5.626E2,1.155E3,5.626E2,1.155E3,1.873E1,6.353E0,5.211E0,1.600E2,9.315E-1,7.280E0,2.017E3,9.100E1,2.017E3,1.460E2,5.590E2,1.154E3,1.641E2,5.000E0,1.219E0,8.202E-1,8.667E-1
207,fields:fld0147,2.000E1,8.310E1,3.466E1,1.700E1,1.700E1,1.320E2,9.694E2,8.574E2,9.696E2,8.575E2,1.531E1,5.251E0,4.849E0,6.343E1,1.000E0,5.831E0,1.662E3,9.200E1,1.662E3,1.470E2,9.680E2,8.550E2,1.210E2,5.000E0,1.083E0,9.235E-1,8.889E-1
208,fields:fld0148,2.400E1,7.371E1,4.092E1,2.700E1,2.000E1,1.320E2,1.509E3,2.550E1,1.509E3,2.588E1,1.731E1,5.735E0,5.329E0,0.000E0,1.000E0,6.403E0,1.769E3,9.000E1,1.769E3,1.480E2,1.507E3,2.300E1,1.287E2,5.000E0,1.076E0,9.292E-1,8.889E-1
209,fields:fld0148,1.900E1,8.468E1,4.084E1,1.700E1,1.700E1,1.410E2,4.944E2,1.011E3,4.944E2,1.011E3,1.590E1,5.244E0,4.613E0,1.604E2,9.445E-1,6.403E0,1.609E3,9.000E1,1.609E3,1.480E2,4.930E2,1.008E3,1.287E2,5.000E0,1.137E0,8.798E-1,8.837E-1
210,fields:fld0150,1.800E1,5.956E1,4.055E1,2.400E1,1.600E1,1.250E2,1.486E2,1.594E1,1.489E2,1.624E1,1.673E1,5.094E0,4.499E0,1.672E2,8.083E-1,5.831E0,1.072E3,4.000E1,1.072E3,1.500E2,1.480E2,1.300E1,1.210E2,5.000E0,1.132E0,8.833E-1,8.571E-1
211,fields:fld0150,2.600E1,7.562E1,4.225E1,2.000E1,1.200E1,1.370E2,1.630E3,7.783E2,1.630E3,7.784E2,1.814E1,6.063E0,5.460E0,1.138E2,9.927E-1,7.211E0,1.966E3,7.900E1,1.966E3,1.500E2,1.628E3,7.750E2,1.237E2,6.000E0,1.111E0,9.004E-1,8.525E-1
212,fields:fld0150,2.000E1,7.625E1,4.549E1,9.900E1,1.300E1,1.360E2,1.179E3,1.346E3,1.179E3,1.345E3,1.614E1,5.582E0,4.562E0,0.000E0,9.645E-1,6.325E0,1.525E3,9.900E1,1.525E3,1.500E2,1.176E3,1.345E3,1.616E2,5.000E0,1.224E0,8.173E-1,8.333E-1
213,fields:fld0151,2.900E1,7.948E1,4.357E1,2.000E1,1.300E1,1.450E2,7.519E2,1.007E3,7.522E2,1.007E3,1.873E1,6.269E0,5.890E0,1.247E2,1.000E0,7.211E0,2.305E3,9.000E1,2.305E3,1.510E2,7.500E2,1.004E3,1.237E2,6.000E0,1.064E0,9.395E-1,9.062E-1
214,fields:fld0151,1.600E1,6.319E1,4.135E1,2.100E1,1.200E1,1.280E2,1.940E3,1.473E3,1.940E3,1.474E3,1.473E1,5.847E0,3.484E0,1.546E2,9.269E-1,6.708E0,1.011E3,5.500E1,1.011E3,1.510E2,1.937E3,1.472E3,1.534E2,4.000E0,1.678E0,5.958E-1,8.649E-1
215,fields:fld0152,2.400E1,5.817E1,4.004E1,1.800E1,1.300E1,1.250E2,1.951E3,9.716E2,1.951E3,9.715E2,1.673E1,6.111E0,5.001E0,1.604E2,1.000E0,6.708E0,1.396E3,4.200E1,1.396E3,1.520E2,1.948E3,9.700E2,1.534E2,5.000E0,1.222E0,8.184E-1,9.057E-1
216,fields:fld0153,2.200E1,7.955E1,4.176E1,2.700E1,1.700E1,1.390E2,3.324E2,7.406E2,3.325E2,7.407E2,1.590E1,5.554E0,5.043E0,4.500E1,1.000E0,6.403E0,1.750E3,7.500E1,1.750E3,1.530E2,3.300E2,7.430E2,3.866E1,5.000E0,1.101E0,9.079E-1,9.362E-1
217,fields:fld0153,1.900E1,7.258E1,3.962E1,1.210E2,1.300E1,1.230E2,1.999E3,1.404E3,1.999E3,1.404E3,1.731E1,6.136E0,3.942E0,1.577E2,7.965E-1,7.211E0,1.379E3,6.500E1,1.379E3,1.530E2,1.996E3,1.402E3,1.463E2,4.000E0,1.557E0,6.424E-1,8.837E-1
218,fields:fld0154,2.300E1,8.665E1,4.389E1,1.200E2,1.300E1,1.370E2,1.585E3,8.980E2,1.585E3,8.981E2,1.756E1,5.761E0,5.083E0,7.394E0,9.377E-1,6.708E0,1.993E3,9.900E1,1.993E3,1.540E2,1.582E3,9.000E2,2.657E1,5.816E0,1.134E0,8.822E-1,8.070E-1
219,fields:fld0155,2.200E1,6.236E1,4.117E1,7.400E1,1.200E1,1.280E2,5.404E2,3.964E1,5.406E2,4.002E1,1.673E1,5.717E0,4.899E0,3.089E1,9.880E-1,6.403E0,1.372E3,5.200E1,1.372E3,1.550E2,5.380E2,4.200E1,3.866E1,5.000E0,1.167E0,8.569E-1,8.462E-1
220,fields:fld0155,2.400E1,7.150E1,4.540E1,1.600E1,1.600E1,1.420E2,2.279E2,1.319E3,2.282E2,1.319E3,1.731E1,6.322E0,4.834E0,9.740E0,1.000E0,6.708E0,1.716E3,6.300E1,1.716E3,1.550E2,2.250E2,1.318E3,1.534E2,5.000E0,1.308E0,7.647E-1,8.889E-1
221,fields:fld0156,2.200E1,6.500E1,3.875E1,4.800E1,1.400E1,1.400E2,2.914E2,1.576E2,2.916E2,1.577E2,1.590E1,5.554E0,5.043E0,4.500E1,1.000E0,6.403E0,1.430E3,6.800E1,1.430E3,1.560E2,2.890E2,1.600E2,3.866E1,5.000E0,1.101E0,9.079E-1,9.362E-1
222,fields:fld0156,5.700E1,7.575E1,4.279E1,1.800E1,1.200E1,1.440E2,1.787E3,4.277E2,1.787E3,4.277E2,3.346E1,1.298E1,5.593E0,7.235E1,6.399E-1,1.300E1,4.318E3,7.100E1,4.318E3,1.560E2,1.785E3,4.340E2,6.738E1,6.594E0,2.320E0,4.310E-1,7.917E-1
223,fields:fld0157,2.400E1,6.479E1,4.158E1,1.800E1,1.700E1,1.350E2,1.891E3,8.067E1,1.891E3,8.070E1,1.814E1,6.122E0,4.991E0,6.683E1,9.163E-1,6.708E0,1.555E3,6.200E1,1.555E3,1.570E2,1.889E3,7.800E1,1.166E2,5.370E0,1.227E0,8.153E-1,8.421E-1
224,fields:fld0157,2.100E1,6.000E1,4.021E1,1.400E1,1.400E1,1.240E2,1.582E3,1.594E3,1.582E3,1.594E3,1.531E1,5.171E0,5.171E0,0.000E0,1.000E0,5.831E0,1.260E3,4.200E1,1.260E3,1.570E2,1.580E3,1.591E3,1.210E2,5.000E0,1.000E0,1.000E0,9.130E-1
225,fields:fld0159,2.300E1,7.396E1,3.737E1,1.150E2,1.800E1,1.410E2,1.437E2,8.216E2,1.439E2,8.217E2,1.673E1,5.757E0,5.087E0,1.593E2,1.000E0,6.403E0,1.701E3,7.600E1,1.701E3,1.590E2,1.420E2,8.190E2,1.287E2,5.000E0,1.132E0,8.836E-1,8.846E-1
226,fields:fld0159,3.400E1,7.679E1,3.779E1,2.200E1,1.200E1,1.290E2,1.028E3,8.842E2,1.029E3,8.841E2,2.156E1,6.808E0,6.358E0,1.093E2,9.195E-1,8.062E0,2.611E3,8.000E1,2.611E3,1.590E2,1.026E3,8.810E2,1.197E2,7.000E0,1.071E0,9.339E-1,8.500E-1
227,fields:fld0159,2.400E1,6.133E1,3.919E1,1.400E1,1.400E1,1.220E2,1.714E3,1.322E3,1.714E3,1.322E3,1.731E1,6.145E0,4.973E0,1.555E2,1.000E0,7.071E0,1.472E3,5.700E1,1.472E3,1.590E2,1.712E3,1.319E3,1.350E2,5.000E0,1.236E0,8.093E-1,9.057E-1
228,fields:fld0160,1.800E1,8.178E1,3.625E1,2.900E1,2.900E1,1.380E2,2.703E2,1.335E3,2.704E2,1.335E3,1.449E1,5.282E0,4.339E0,0.000E0,1.000E0,5.831E0,1.472E3,9.300E1,1.472E3,1.600E2,2.680E2,1.333E3,1.490E2,4.000E0,1.218E0,8.214E-1,9.474E-1
229,fields:fld0160,2.500E1,7.700E1,4.300E1,3.400E1,1.200E1,1.420E2,2.687E2,1.340E3,2.689E2,1.340E3,1.731E1,6.122E0,5.200E0,6.132E0,1.000E0,6.708E0,1.925E3,7.800E1,1.925E3,1.600E2,2.660E2,1.338E3,1.534E2,5.000E0,1.177E0,8.494E-1,9.259E-1
230,fields:fld0160,2.500E1,6.192E1,4.144E1,1.700E1,1.700E1,1.270E2,1.777E3,1.525E3,1.777E3,1.525E3,1.731E1,6.464E0,4.925E0,1.550E2,1.000E0,7.211E0,1.548E3,5.700E1,1.548E3,1.600E2,1.774E3,1.523E3,1.463E2,5.000E0,1.312E0,7.619E-1,9.259E-1
231,fields:fld0161,2.200E1,7.568E1,3.703E1,1.250E2,1.700E1,1.250E2,1.354E2,6.205E2,1.354E2,6.206E2,1.673E1,5.614E0,4.989E0,1.616E2,9.880E-1,6.708E0,1.665E3,8.400E1,1.665E3,1.610E2,1.320E2,6.190E2,1.534E2,5.000E0,1.125E0,8.886E-1,8.627E-1
232,fields:fld0162,2.400E1,7.121E1,4.012E1,8.700E1,1.200E1,1.350E2,4.317E2,6.254E2,4.318E2,6.255E2,1.731E1,5.805E0,5.264E0,9.307E1,1.000E0,6.708E0,1.709E3,6.800E1,1.709E3,1.620E2,4.310E2,6.220E2,1.166E2,5.000E0,1.103E0,9.069E-1,9.057E-1
233,fields:fld0162,2.200E1,8.741E1,4.022E1,3.900E1,2.300E1,1.400E2,1.087E3,1.032E3,1.088E3,1.032E3,1.590E1,5.554E0,5.043E0,1.350E2,1.000E0,6.403E0,1.923E3,9.400E1,1.923E3,1.620E2,1.085E3,1.030E3,1.287E2,5.000E0,1.101E0,9.079E-1,9.362E-1
234,fields:fld0164,2.300E1,6.530E1,3.293E1,1.300E1,1.300E1,1.210E2,7.930E2,3.766E2,7.930E2,3.768E2,1.731E1,6.149E0,4.762E0,1.696E1,9.642E-1,6.708E0,1.502E3,7.400E1,1.502E3,1.640E2,7.900E2,3.780E2,2.657E1,5.000E0,1.291E0,7.745E-1,8.679E-1
235,fields:fld0164,2.500E1,8.120E1,4.229E1,1.700E1,1.700E1,1.430E2,5.713E2,5.623E2,5.713E2,5.625E2,1.814E1,5.901E0,5.394E0,9.481E1,9.545E-1,6.708E0,2.030E3,8.600E1,2.030E3,1.640E2,5.700E2,5.590E2,1.166E2,6.000E0,1.094E0,9.140E-1,8.333E-1
236,fields:fld0165,2.500E1,6.680E1,4.606E1,1.400E1,1.400E1,1.370E2,1.883E3,6.795E2,1.883E3,6.797E2,1.731E1,6.042E0,5.268E0,1.691E2,1.000E0,6.708E0,1.670E3,5.300E1,1.670E3,1.650E2,1.880E3,6.780E2,1.534E2,5.000E0,1.147E0,8.720E-1,9.091E-1
237,fields:fld0166,2.300E1,8.091E1,4.550E1,1.030E2,1.200E1,1.390E2,6.873E2,9.388E2,6.874E2,9.389E2,1.673E1,5.801E0,5.048E0,1.790E2,1.000E0,6.708E0,1.861E3,9.500E1,1.861E3,1.660E2,6.840E2,9.400E2,2.657E1,5.000E0,1.149E0,8.701E-1,8.846E-1
238,fields:fld0167,2.600E1,6.827E1,4.362E1,1.600E1,1.200E1,1.420E2,1.851E3,4.163E2,1.851E3,4.166E2,1.790E1,6.366E0,5.200E0,1.765E2,1.000E0,7.211E0,1.775E3,7.600E1,1.775E3,1.670E2,1.848E3,4.140E2,1.463E2,5.000E0,1.224E0,8.169E-1,9.286E-1
239,fields:fld0167,2.100E1,7.900E1,3.851E1,6.300E1,2.000E1,1.380E2,2.033E2,8.424E2,2.033E2,8.425E2,1.673E1,5.315E0,5.030E0,1.727E2,9.431E-1,6.403E0,1.659E3,7.100E1,1.659E3,1.670E2,2.000E2,8.410E2,1.413E2,5.000E0,1.057E0,9.464E-1,8.400E-1
240,fields:fld0169,2.700E1,7.300E1,4.235E1,3.200E1,1.400E1,1.400E2,3.935E2,1.411E3,3.937E2,1.411E3,1.838E1,6.161E0,5.580E0,1.458E2,1.000E0,7.280E0,1.971E3,7.000E1,1.971E3,1.690E2,3.900E2,1.410E3,1.641E2,6.000E0,1.104E0,9.058E-1,8.308E-1
241,fields:fld0170,2.400E1,8.192E1,4.017E1,4.900E1,2.000E1,1.320E2,1.002E3,6.759E2,1.002E3,6.759E2,1.956E1,6.037E0,5.062E0,1.483E2,7.886E-1,7.211E0,1.966E3,9.600E1,1.966E3,1.700E2,9.990E2,6.740E2,1.463E2,5.657E0,1.193E0,8.384E-1,8.136E-1
242,fields:fld0170,2.400E1,7.496E1,4.355E1,1.070E2,1.200E1,1.350E2,1.856E3,6.752E2,1.856E3,6.752E2,1.814E1,6.262E0,4.880E0,1.285E1,9.163E-1,7.280E0,1.799E3,7.700E1,1.799E3,1.700E2,1.853E3,6.760E2,1.595E1,5.000E0,1.283E0,7.793E-1,8.421E-1
243,fields:fld0171,2.300E1,8.274E1,4.420E1,2.500E1,1.300E1,1.440E2,1.576E3,5.864E2,1.576E3,5.865E2,1.673E1,5.757E0,5.087E0,2.070E1,1.000E0,6.403E0,1.903E3,9.500E1,1.903E3,1.710E2,1.573E3,5.880E2,3.866E1,5.000E0,1.132E0,8.836E-1,8.846E-1
244,fields:fld0172,3.100E1,8.535E1,4.301E1,1.200E1,1.200E1,1.490E2,9.604E2,1.089E3,9.606E2,1.089E3,2.097E1,6.667E0,5.920E0,1.006E2,8.858E-1,7.616E0,2.646E3,8.700E1,2.646E3,1.720E2,9.580E2,1.086E3,1.132E2,6.642E0,1.126E0,8.880E-1,8.267E-1
245,fields:fld0173,2.400E1,7.167E1,4.297E1,2.400E1,1.600E1,1.390E2,1.423E3,2.005E2,1.423E3,2.008E2,1.731E1,6.080E0,5.026E0,3.084E1,1.000E0,7.071E0,1.720E3,7.300E1,1.720E3,1.730E2,1.421E3,2.030E2,4.500E1,5.000E0,1.210E0,8.266E-1,9.057E-1
246,fields:fld0173,2.400E1,7.950E1,4.283E1,1.180E2,1.300E1,1.370E2,1.392E3,6.362E2,1.393E3,6.361E2,1.673E1,5.735E0,5.329E0,9.000E1,1.000E0,6.403E0,1.908E3,9.600E1,1.908E3,1.730E2,1.390E3,6.340E2,1.287E2,5.000E0,1.076E0,9.292E-1,8.889E-1
247,fields:fld0174,8.000E0,8.012E1,4.590E1,1.200E1,1.200E1,1.350E2,1.152E3,1.139E3,1.152E3,1.139E3,1.049E1,3.797E0,2.682E0,7.018E0,9.144E-1,4.472E0,6.410E2,9.600E1,6.410E2,1.740E2,1.150E3,1.140E3,2.657E1,3.000E0,1.416E0,7.063E-1,8.000E-1
248,fields:fld0175,2.200E1,6.541E1,3.854E1,3.100E1,1.300E1,1.300E2,6.164E1,3.024E2,6.186E1,3.024E2,1.673E1,5.717E0,4.899E0,3.089E1,9.880E-1,6.403E0,1.439E3,5.900E1,1.439E3,1.750E2,5.900E1,3.040E2,3.866E1,5.000E0,1.167E0,8.569E-1,8.462E-1
249,fields:fld0175,2.100E1,7.033E1,4.251E1,8.800E1,1.500E1,1.330E2,1.966E3,1.104E3,1.966E3,1.104E3,1.731E1,5.962E0,4.485E0,1.601E2,8.803E-1,6.708E0,1.477E3,6.500E1,1.477E3,1.750E2,1.963E3,1.102E3,1.534E2,5.000E0,1.330E0,7.521E-1,8.750E-1
250,fields:fld0179,2.100E1,6.652E1,4.035E1,2.300E1,1.200E1,1.290E2,5.857E2,2.426E2,5.858E2,2.429E2,1.731E1,5.478E0,4.881E0,1.189E2,8.803E-1,6.403E0,1.397E3,5.900E1,1.397E3,1.790E2,5.840E2,2.400E2,1.287E2,5.000E0,1.122E0,8.911E-1,8.936E-1
251,fields:fld0179,2.000E1,7.100E1,3.285E1,1.500E1,1.500E1,1.260E2,1.915E2,6.710E2,1.916E2,6.710E2,1.566E1,5.642E0,4.514E0,0.000E0,1.000E0,6.403E0,1.420E3,7.300E1,1.420E3,1.790E2,1.890E2,6.690E2,1.413E2,4.000E0,1.250E0,8.000E-1,1.000E0
252,fields:fld0180,2.700E1,7.026E1,4.282E1,2.500E1,1.300E1,1.410E2,1.649E3,3.088E2,1.649E3,3.092E2,1.956E1,6.669E0,5.155E0,4.619E1,8.872E-1,7.616E0,1.897E3,6.500E1,1.897E3,1.800E2,1.645E3,3.100E2,2.320E1,6.000E0,1.294E0,7.731E-1,8.182E-1
253,fields:fld0180,1.900E1,8.100E1,4.197E1,2.400E1,2.400E1,1.470E2,8.663E2,1.428E3,8.664E2,1.428E3,1.473E1,5.301E0,4.564E0,4.500E1,1.000E0,5.831E0,1.539E3,8.400E1,1.539E3,1.800E2,8.640E2,1.430E3,3.096E1,4.950E0,1.161E0,8.610E-1,8.837E-1
254,fields:fld0181,2.500E1,7.196E1,4.334E1,1.400E1,1.400E1,1.400E2,1.699E3,2.164E2,1.699E3,2.167E2,1.931E1,6.119E0,5.202E0,2.849E1,8.422E-1,7.211E0,1.799E3,7.100E1,1.799E3,1.810E2,1.696E3,2.180E2,3.369E1,5.000E0,1.176E0,8.503E-1,8.929E-1
255,fields:fld0181,2.200E1,7.705E1,4.264E1,1.600E1,1.600E1,1.370E2,8.892E2,1.511E3,8.894E2,1.511E3,1.614E1,5.674E0,4.937E0,4.655E0,1.000E0,6.403E0,1.695E3,8.300E1,1.695E3,1.810E2,8.870E2,1.513E3,3.866E1,5.000E0,1.149E0,8.701E-1,8.627E-1
256,fields:fld0184,2.000E1,7.050E1,3.748E1,1.800E1,1.300E1,1.330E2,1.289E2,7.928E2,1.291E2,7.928E2,1.697E1,5.577E0,4.566E0,5.644E1,8.727E-1,6.325E0,1.410E3,7.000E1,1.410E3,1.840E2,1.260E2,7.940E2,1.843E1,4.950E0,1.222E0,8.186E-1,8.000E-1
257,fields:fld0185,2.500E1,7.808E1,3.851E1,1.330E2,1.600E1,1.370E2,8.541E2,1.113E3,8.542E2,1.113E3,1.814E1,6.286E0,5.064E0,1.155E2,9.545E-1,7.211E0,1.952E3,8.700E1,1.952E3,1.850E2,8.520E2,1.110E3,1.237E2,5.657E0,1.241E0,8.057E-1,8.475E-1
258,fields:fld0186,2.300E1,7.617E1,4.234E1,9.400E1,1.200E1,1.370E2,1.232E3,5.322E2,1.233E3,5.323E2,1.731E1,5.863E0,4.995E0,1.266E1,9.642E-1,6.708E0,1.752E3,7.900E1,1.752E3,1.860E2,1.229E3,5.330E2,2.657E1,5.000E0,1.174E0,8.519E-1,8.846E-1
259,fields:fld0187,2.400E1,8.204E1,3.547E1,9.700E1,2.400E1,1.310E2,1.127E3,9.121E2,1.127E3,9.121E2,1.756E1,5.945E0,5.140E0,1.108E2,9.785E-1,6.708E0,1.969E3,8.900E1,1.969E3,1.870E2,1.126E3,9.090E2,1.166E2,5.657E0,1.157E0,8.645E-1,8.421E-1
260,fields:fld0187,2.200E1,8.236E1,4.306E1,1.600E1,1.600E1,1.450E2,1.220E3,9.419E2,1.220E3,9.420E2,1.673E1,5.893E0,4.754E0,3.553E0,9.880E-1,6.708E0,1.812E3,8.900E1,1.812E3,1.870E2,1.217E3,9.440E2,2.657E1,5.000E0,1.240E0,8.067E-1,8.627E-1
261,fields:fld0188,2.100E1,7.605E1,3.624E1,1.500E1,1.500E1,1.310E2,8.869E1,7.186E2,8.887E1,7.189E2,1.590E1,5.328E0,5.018E0,1.103E2,1.000E0,6.403E0,1.597E3,8.000E1,1.597E3,1.880E2,8.700E1,7.160E2,1.287E2,5.000E0,1.062E0,9.418E-1,9.130E-1
262,fields:fld0188,2.300E1,8.078E1,3.637E1,1.220E2,2.700E1,1.430E2,3.187E2,1.566E3,3.188E2,1.565E3,1.673E1,5.757E0,5.087E0,1.593E2,1.000E0,6.403E0,1.858E3,7.900E1,1.858E3,1.880E2,3.170E2,1.563E3,1.287E2,5.000E0,1.132E0,8.836E-1,8.846E-1
263,fields:fld0189,2.400E1,6.529E1,3.933E1,7.400E1,1.300E1,1.260E2,4.948E2,2.296E2,4.950E2,2.297E2,1.673E1,6.111E0,5.001E0,1.604E2,1.000E0,6.708E0,1.567E3,7.400E1,1.567E3,1.890E2,4.920E2,2.280E2,1.534E2,5.000E0,1.222E0,8.184E-1,9.057E-1
264,fields:fld0189,2.800E1,7.225E1,4.205E1,1.400E1,1.200E1,1.360E2,1.541E3,9.251E2,1.541E3,9.252E2,1.897E1,6.504E0,5.481E0,1.502E2,9.777E-1,7.616E0,2.023E3,8.600E1,2.023E3,1.890E2,1.537E3,9.240E2,1.568E2,6.000E0,1.187E0,8.427E-1,8.358E-1
265,fields:fld0191,2.500E1,8.108E1,4.250E1,1.600E1,1.600E1,1.420E2,1.275E3,6.597E2,1.275E3,6.597E2,1.731E1,6.122E0,5.200E0,1.739E2,1.000E0,6.708E0,2.027E3,8.100E1,2.027E3,1.910E2,1.272E3,6.580E2,1.534E2,5.000E0,1.177E0,8.494E-1,9.259E-1
266,fields:fld0192,2.300E1,7.978E1,3.874E1,6.100E1,1.500E1,1.320E2,1.327E3,8.547E2,1.327E3,8.548E2,1.673E1,5.757E0,5.087E0,1.107E2,1.000E0,6.403E0,1.835E3,9.200E1,1.835E3,1.920E2,1.325E3,8.520E2,1.287E2,5.000E0,1.132E0,8.836E-1,8.846E-1
267,fields:fld0194,2.200E1,7.845E1,4.145E1,2.600E1,1.800E1,1.390E2,1.348E3,1.173E2,1.348E3,1.175E2,1.731E1,5.582E0,5.018E0,2.657E1,9.223E-1,6.403E0,1.726E3,8.300E1,1.726E3,1.940E2,1.345E3,1.160E2,1.413E2,5.000E0,1.112E0,8.990E-1,8.627E-1
268,fields:fld0194,2.800E1,7.311E1,4.198E1,2.000E1,1.300E1,1.340E2,8.260E2,7.463E2,8.262E2,7.462E2,1.814E1,6.239E0,5.714E0,1.800E2,1.000E0,6.708E0,2.047E3,8.400E1,2.047E3,1.940E2,8.250E2,7.430E2,1.166E2,6.000E0,1.092E0,9.159E-1,9.032E-1
269,fields:fld0194,2.400E1,7.879E1,3.864E1,2.500E1,1.600E1,1.400E2,7.450E2,9.144E2,7.452E2,9.143E2,1.731E1,5.989E0,5.102E0,1.786E2,1.000E0,6.708E0,1.891E3,7.900E1,1.891E3,1.940E2,7.420E2,9.160E2,2.657E1,5.000E0,1.174E0,8.519E-1,8.889E-1
270,fields:fld0195,1.900E1,8.084E1,3.650E1,5.700E1,1.900E1,1.320E2,1.673E3,1.152E3,1.673E3,1.152E3,1.507E1,5.550E0,4.359E0,1.672E2,1.000E0,6.403E0,1.536E3,8.900E1,1.536E3,1.950E2,1.670E3,1.150E3,1.413E2,4.000E0,1.273E0,7.854E-1,9.744E-1
271,fields:fld0198,2.300E1,7.322E1,4.285E1,1.290E2,1.400E1,1.300E2,1.742E3,3.872E2,1.742E3,3.872E2,1.814E1,5.875E0,4.985E0,6.696E0,8.781E-1,6.708E0,1.684E3,6.600E1,1.684E3,1.980E2,1.739E3,3.860E2,1.534E2,5.000E0,1.179E0,8.484E-1,8.679E-1
272,fields:fld0199,2.100E1,7.843E1,4.014E1,1.500E1,1.500E1,1.360E2,1.447E3,1.063E3,1.447E3,1.063E3,1.673E1,6.099E0,4.384E0,1.444E2,9.431E-1,7.211E0,1.647E3,7.400E1,1.647E3,1.990E2,1.444E3,1.061E3,1.463E2,4.950E0,1.391E0,7.188E-1,8.571E-1
273,fields:fld0199,2.400E1,6.696E1,4.236E1,1.800E1,1.200E1,1.330E2,6.208E0,1.069E3,6.430E0,1.069E3,1.756E1,5.823E0,5.248E0,1.263E2,9.785E-1,6.708E0,1.607E3,6.500E1,1.607E3,1.990E2,3.000E0,1.068E3,1.534E2,5.657E0,1.110E0,9.012E-1,8.421E-1
274,fields:fld0203,2.400E1,8.879E1,3.616E1,9.600E1,1.200E1,1.330E2,7.852E2,8.415E2,7.855E2,8.415E2,1.731E1,5.735E0,5.329E0,0.000E0,1.000E0,6.403E0,2.131E3,9.600E1,2.131E3,2.030E2,7.830E2,8.390E2,1.287E2,5.000E0,1.076E0,9.292E-1,8.889E-1
275,fields:fld0204,2.500E1,7.536E1,4.192E1,3.100E1,1.200E1,1.350E2,1.627E3,5.490E2,1.627E3,5.492E2,1.814E1,6.001E0,5.305E0,4.411E1,9.545E-1,6.708E0,1.884E3,7.700E1,1.884E3,2.040E2,1.624E3,5.500E2,2.657E1,5.816E0,1.131E0,8.840E-1,8.475E-1
276,fields:fld0204,2.600E1,7.969E1,4.087E1,3.000E1,1.400E1,1.460E2,1.158E3,9.594E2,1.158E3,9.594E2,1.790E1,6.163E0,5.371E0,1.728E2,1.000E0,7.071E0,2.072E3,9.000E1,2.072E3,2.040E2,1.155E3,9.570E2,1.350E2,5.000E0,1.147E0,8.716E-1,9.286E-1
277,fields:fld0205,2.200E1,6.768E1,3.837E1,6.600E1,1.600E1,1.270E2,1.977E1,9.403E2,1.981E1,9.402E2,1.673E1,5.674E0,4.937E0,4.655E0,9.880E-1,6.403E0,1.489E3,6.600E1,1.489E3,2.050E2,1.700E1,9.420E2,3.866E1,5.000E0,1.149E0,8.701E-1,8.627E-1
278,fields:fld0206,2.300E1,7.322E1,3.597E1,1.020E2,1.500E1,1.340E2,1.371E3,1.364E3,1.371E3,1.364E3,1.731E1,5.580E0,5.248E0,3.110E1,9.642E-1,6.403E0,1.684E3,7.400E1,1.684E3,2.060E2,1.369E3,1.362E3,1.287E2,5.000E0,1.063E0,9.405E-1,8.679E-1
279,fields:fld0206,2.300E1,5.848E1,3.941E1,2.100E1,1.200E1,1.230E2,1.825E3,1.460E3,1.824E3,1.460E3,1.731E1,5.929E0,4.940E0,1.498E2,9.642E-1,7.211E0,1.345E3,3.800E1,1.345E3,2.060E2,1.822E3,1.458E3,1.463E2,5.000E0,1.200E0,8.332E-1,8.846E-1
280,fields:fld0206,1.900E1,6.047E1,3.731E1,1.300E1,1.300E1,1.180E2,1.771E3,1.504E3,1.772E3,1.504E3,1.531E1,5.702E0,4.243E0,1.457E2,1.000E0,6.403E0,1.149E3,5.200E1,1.149E3,2.060E2,1.770E3,1.501E3,1.287E2,4.921E0,1.344E0,7.441E-1,8.837E-1
281,fields:fld0207,2.400E1,7.512E1,4.103E1,1.060E2,2.000E1,1.300E2,1.130E3,1.868E2,1.131E3,1.868E2,1.731E1,5.735E0,5.329E0,9.000E1,1.000E0,6.403E0,1.803E3,8.500E1,1.803E3,2.070E2,1.129E3,1.840E2,1.287E2,5.000E0,1.076E0,9.292E-1,8.889E-1
282,fields:fld0207,2.500E1,8.248E1,4.010E1,2.600E1,1.900E1,1.320E2,1.109E3,5.407E2,1.109E3,5.409E2,1.814E1,5.861E0,5.431E0,1.719E2,9.545E-1,6.708E0,2.062E3,1.010E2,2.062E3,2.070E2,1.106E3,5.390E2,1.534E2,6.000E0,1.079E0,9.265E-1,8.475E-1
283,fields:fld0207,2.500E1,7.988E1,3.861E1,1.300E1,1.300E1,1.460E2,1.007E3,6.728E2,1.007E3,6.728E2,1.814E1,5.758E0,5.528E0,1.432E2,9.545E-1,6.708E0,1.997E3,8.300E1,1.997E3,2.070E2,1.004E3,6.710E2,1.534E2,6.000E0,1.042E0,9.600E-1,8.475E-1
284,fields:fld0207,7.700E1,7.779E1,4.257E1,1.250E2,4.000E0,1.500E2,5.416E2,1.483E3,5.418E2,1.483E3,4.228E1,1.048E1,9.355E0,1.000E2,5.412E-1,1.253E1,5.990E3,8.100E1,5.990E3,2.070E2,5.400E2,1.477E3,1.186E2,1.100E1,1.120E0,8.926E-1,7.817E-1
285,fields:fld0208,2.300E1,7.539E1,3.952E1,5.800E1,2.100E1,1.340E2,6.224E2,3.660E2,6.225E2,3.661E2,1.756E1,5.586E0,5.243E0,2.250E1,9.377E-1,6.708E0,1.734E3,7.400E1,1.734E3,2.080E2,6.190E2,3.670E2,2.657E1,5.816E0,1.065E0,9.386E-1,8.070E-1
286,fields:fld0208,5.300E1,8.100E1,4.056E1,2.800E1,1.200E1,1.350E2,6.071E2,6.097E2,6.072E2,6.096E2,3.687E1,1.251E1,5.394E0,9.294E1,4.899E-1,1.265E1,4.293E3,9.500E1,4.293E3,2.080E2,6.050E2,6.040E2,1.084E2,6.000E0,2.319E0,4.312E-1,7.737E-1
287,fields:fld0208,2.200E1,7.768E1,4.331E1,1.020E2,1.700E1,1.340E2,1.062E3,1.386E3,1.062E3,1.386E3,1.673E1,5.674E0,4.937E0,1.753E2,9.880E-1,6.403E0,1.709E3,1.020E2,1.709E3,2.080E2,1.060E3,1.384E3,1.413E2,5.000E0,1.149E0,8.701E-1,8.627E-1
288,fields:fld0209,2.200E1,6.705E1,4.090E1,1.900E1,1.700E1,1.330E2,3.993E2,2.644E2,3.994E2,2.646E2,1.649E1,5.469E0,5.122E0,3.369E1,1.000E0,6.403E0,1.475E3,6.400E1,1.475E3,2.090E2,3.970E2,2.620E2,1.413E2,5.000E0,1.068E0,9.366E-1,9.362E-1
289,fields:fld0209,2.500E1,6.840E1,4.225E1,2.000E1,1.300E1,1.320E2,1.878E3,5.225E2,1.878E3,5.229E2,1.814E1,6.261E0,5.084E0,1.342E1,9.545E-1,7.280E0,1.710E3,7.600E1,1.710E3,2.090E2,1.875E3,5.240E2,1.595E1,5.000E0,1.231E0,8.121E-1,8.475E-1
290,fields:fld0209,2.400E1,7.104E1,4.110E1,2.400E1,1.200E1,1.300E2,3.908E2,5.234E2,3.910E2,5.234E2,1.814E1,5.977E0,5.113E0,1.314E1,9.163E-1,6.708E0,1.705E3,8.200E1,1.705E3,2.090E2,3.880E2,5.220E2,1.534E2,5.000E0,1.169E0,8.554E-1,8.727E-1
291,fields:fld0210,2.300E1,6.717E1,3.784E1,1.400E1,1.400E1,1.300E2,7.647E2,1.624E2,7.648E2,1.626E2,1.673E1,5.757E0,5.087E0,2.070E1,1.000E0,6.403E0,1.545E3,6.400E1,1.545E3,2.100E2,7.620E2,1.640E2,3.866E1,5.000E0,1.132E0,8.836E-1,8.846E-1
292,fields:fld0210,2.200E1,8.350E1,3.284E1,5.900E1,1.900E1,1.310E2,1.365E3,4.794E2,1.365E3,4.795E2,1.590E1,5.554E0,5.043E0,1.350E2,1.000E0,6.403E0,1.837E3,8.500E1,1.837E3,2.100E2,1.363E3,4.770E2,1.287E2,5.000E0,1.101E0,9.079E-1,9.362E-1
293,fields:fld0210,2.300E1,7.578E1,4.077E1,2.500E1,1.800E1,1.430E2,3.855E2,6.567E2,3.855E2,6.569E2,1.649E1,5.433E0,5.390E0,0.000E0,1.000E0,6.403E0,1.743E3,9.000E1,1.743E3,2.100E2,3.840E2,6.540E2,1.287E2,5.000E0,1.008E0,9.920E-1,9.583E-1
294,fields:fld0210,2.100E1,8.357E1,3.852E1,1.190E2,1.700E1,1.320E2,1.297E3,1.418E3,1.297E3,1.419E3,1.673E1,5.315E0,5.030E0,1.727E2,9.431E-1,6.403E0,1.755E3,8.300E1,1.755E3,2.100E2,1.294E3,1.417E3,1.413E2,5.000E0,1.057E0,9.464E-1,8.400E-1
295,fields:fld0210,2.000E1,7.155E1,3.849E1,1.800E1,1.400E1,1.210E2,1.347E3,1.522E3,1.347E3,1.522E3,1.756E1,5.463E0,4.661E0,1.699E2,8.154E-1,6.403E0,1.431E3,8.600E1,1.431E3,2.100E2,1.344E3,1.520E3,1.413E2,5.000E0,1.172E0,8.533E-1,8.000E-1
296,fields:fld0211,2.300E1,7.296E1,3.280E1,7.900E1,2.200E1,1.300E2,6.763E2,1.318E3,6.765E2,1.318E3,1.673E1,5.757E0,5.087E0,1.593E2,1.000E0,6.403E0,1.678E3,7.200E1,1.678E3,2.110E2,6.740E2,1.316E3,1.287E2,5.000E0,1.132E0,8.836E-1,8.846E-1
297,fields:fld0212,2.000E1,8.050E1,3.636E1,1.090E2,2.200E1,1.290E2,1.905E2,7.780E2,1.907E2,7.780E2,1.566E1,5.642E0,4.514E0,0.000E0,1.000E0,6.403E0,1.610E3,8.800E1,1.610E3,2.120E2,1.880E2,7.760E2,1.413E2,4.000E0,1.250E0,8.000E-1,1.000E0
298,fields:fld0213,1.900E1,6.147E1,3.635E1,2.400E1,1.500E1,1.220E2,3.955E1,2.874E2,3.983E1,2.876E2,1.531E1,5.249E0,4.609E0,4.500E1,1.000E0,5.831E0,1.168E3,5.700E1,1.168E3,2.130E2,3.700E1,2.890E2,3.096E1,5.000E0,1.139E0,8.781E-1,8.636E-1
299,fields:fld0214,2.200E1,6.923E1,4.079E1,2.800E1,1.300E1,1.320E2,3.889E2,3.295E2,3.890E2,3.298E2,1.814E1,5.660E0,4.949E0,1.250E1,8.400E-1,6.708E0,1.523E3,6.200E1,1.523E3,2.140E2,3.860E2,3.310E2,2.657E1,5.000E0,1.144E0,8.742E-1,8.302E-1
300,fields:fld0218,2.200E1,6.714E1,3.750E1,2.400E1,1.700E1,1.320E2,1.943E3,9.066E2,1.943E3,9.066E2,1.731E1,5.769E0,4.855E0,1.475E2,9.223E-1,6.708E0,1.477E3,7.400E1,1.477E3,2.180E2,1.940E3,9.060E2,1.534E2,5.000E0,1.188E0,8.415E-1,8.800E-1
301,fields:fld0219,2.400E1,7.896E1,3.947E1,1.080E2,1.200E1,1.360E2,1.436E3,4.162E2,1.436E3,4.161E2,1.873E1,6.119E0,4.994E0,1.689E2,8.599E-1,7.211E0,1.895E3,9.500E1,1.895E3,2.190E2,1.433E3,4.140E2,1.463E2,5.000E0,1.225E0,8.162E-1,8.727E-1
302,fields:fld0219,2.300E1,7.470E1,4.589E1,1.500E1,1.300E1,1.450E2,1.642E3,6.096E2,1.642E3,6.096E2,1.731E1,5.753E0,5.090E0,1.493E1,9.642E-1,6.403E0,1.718E3,8.300E1,1.718E3,2.190E2,1.639E3,6.080E2,1.413E2,5.000E0,1.130E0,8.848E-1,8.679E-1
303,fields:fld0220,2.000E1,6.030E1,3.867E1,1.900E1,1.900E1,1.270E2,2.266E2,9.355E1,2.269E2,9.402E1,1.531E1,5.251E0,4.849E0,6.343E1,1.000E0,5.831E0,1.206E3,4.400E1,1.206E3,2.200E2,2.250E2,9.100E1,1.210E2,5.000E0,1.083E0,9.235E-1,8.889E-1
304,fields:fld0221,2.100E1,6.895E1,4.032E1,7.900E1,1.300E1,1.270E2,1.999E3,6.822E2,1.999E3,6.820E2,1.614E1,5.413E0,4.940E0,1.740E2,1.000E0,6.325E0,1.448E3,7.900E1,1.448E3,2.210E2,1.996E3,6.810E2,1.616E2,5.000E0,1.096E0,9.126E-1,8.571E-1
305,fields:fld0224,2.000E1,6.640E1,4.056E1,2.100E1,1.500E1,1.370E2,1.855E3,1.345E3,1.855E3,1.345E3,1.531E1,5.713E0,4.457E0,1.329E2,1.000E0,6.403E0,1.328E3,5.900E1,1.328E3,2.240E2,1.853E3,1.342E3,1.287E2,4.950E0,1.282E0,7.803E-1,9.091E-1
306,fields:fld0226,2.600E1,6.827E1,4.236E1,2.500E1,1.700E1,1.350E2,1.997E3,6.565E2,1.997E3,6.569E2,1.731E1,6.259E0,5.289E0,0.000E0,1.000E0,6.708E0,1.775E3,6.900E1,1.775E3,2.260E2,1.994E3,6.550E2,1.534E2,5.000E0,1.184E0,8.449E-1,9.286E-1
307,fields:fld0227,2.100E1,7.700E1,3.616E1,6.600E1,1.600E1,1.260E2,8.105E2,6.233E2,8.107E2,6.234E2,1.590E1,5.621E0,4.756E0,3.614E1,1.000E0,6.403E0,1.617E3,7.600E1,1.617E3,2.270E2,8.080E2,6.250E2,3.866E1,5.000E0,1.182E0,8.461E-1,9.130E-1
308,fields:fld0228,2.500E1,6.648E1,4.289E1,1.300E1,1.300E1,1.370E2,1.108E3,8.186E1,1.109E3,8.225E1,1.814E1,6.502E0,4.896E0,4.798E1,9.545E-1,7.211E0,1.662E3,7.700E1,1.662E3,2.280E2,1.105E3,8.300E1,3.369E1,5.657E0,1.328E0,7.530E-1,8.621E-1
309,fields:fld0228,3.600E1,6.408E1,3.738E1,1.700E1,1.200E1,1.140E2,1.866E3,9.994E2,1.866E3,9.995E2,2.238E1,7.429E0,6.170E0,1.563E2,9.028E-1,8.544E0,2.307E3,7.100E1,2.307E3,2.280E2,1.862E3,9.980E2,1.594E2,7.000E0,1.204E0,8.306E-1,8.372E-1
310,fields:fld0229,2.400E1,7.492E1,4.499E1,1.250E2,1.200E1,1.380E2,1.377E3,3.795E2,1.377E3,3.797E2,1.731E1,5.962E0,5.126E0,2.650E0,1.000E0,6.708E0,1.798E3,8.900E1,1.798E3,2.290E2,1.374E3,3.780E2,1.534E2,5.000E0,1.163E0,8.598E-1,8.889E-1
311,fields:fld0231,2.600E1,6.869E1,4.154E1,1.200E1,1.200E1,1.300E2,1.427E3,1.534E2,1.427E3,1.533E2,1.790E1,6.163E0,5.371E0,7.244E0,1.000E0,7.071E0,1.786E3,6.700E1,1.786E3,2.310E2,1.425E3,1.560E2,4.500E1,5.000E0,1.147E0,8.716E-1,9.286E-1
312,fields:fld0231,2.100E1,7.638E1,4.165E1,5.900E1,1.500E1,1.360E2,1.725E3,5.233E2,1.725E3,5.233E2,1.673E1,5.615E0,4.762E0,3.122E1,9.431E-1,6.708E0,1.604E3,6.200E1,1.604E3,2.310E2,1.722E3,5.250E2,2.657E1,5.000E0,1.179E0,8.482E-1,8.400E-1
313,fields:fld0234,2.200E1,7.177E1,4.001E1,2.000E1,1.300E1,1.380E2,6.855E2,2.043E2,6.856E2,2.044E2,1.731E1,5.740E0,4.880E0,8.724E0,9.223E-1,6.708E0,1.579E3,7.100E1,1.579E3,2.340E2,6.820E2,2.050E2,2.657E1,5.000E0,1.176E0,8.502E-1,8.800E-1
314,fields:fld0234,2.900E1,7.783E1,3.585E1,3.900E1,1.400E1,1.340E2,3.368E2,6.279E2,3.367E2,6.280E2,1.814E1,6.269E0,5.890E0,3.470E1,1.000E0,7.211E0,2.257E3,8.400E1,2.257E3,2.340E2,3.340E2,6.300E2,3.369E1,6.000E0,1.064E0,9.395E-1,9.062E-1
315,fields:fld0234,2.100E1,7.105E1,3.617E1,1.300E1,1.300E1,1.160E2,1.835E2,1.170E3,1.835E2,1.170E3,1.590E1,5.254E0,5.090E0,8.130E0,1.000E0,6.403E0,1.492E3,7.500E1,1.492E3,2.340E2,1.820E2,1.167E3,1.287E2,5.000E0,1.032E0,9.688E-1,9.130E-1
316,fields:fld0237,2.200E1,8.100E1,3.838E1,1.080E2,1.200E1,1.310E2,8.014E2,1.497E3,8.015E2,1.497E3,1.649E1,5.469E0,5.122E0,5.631E1,1.000E0,6.403E0,1.782E3,9.500E1,1.782E3,2.370E2,7.990E2,1.495E3,1.287E2,5.000E0,1.068E0,9.366E-1,9.362E-1
317,fields:fld0238,1.000E0,1.200E1,0.000E0,1.200E1,1.200E1,1.200E1,9.945E2,6.345E2,9.945E2,6.345E2,2.828E0,1.128E0,1.128E0,0.000E0,1.000E0,1.414E0,1.200E1,1.200E1,1.200E1,2.380E2,9.940E2,6.340E2,1.350E2,1.000E0,1.000E0,1.000E0,1.000E0
318,fields:fld0240,2.900E1,8.272E1,4.220E1,1.250E2,1.300E1,1.420E2,1.457E3,5.881E2,1.457E3,5.881E2,1.873E1,6.304E0,5.857E0,1.194E2,1.000E0,7.211E0,2.399E3,8.900E1,2.399E3,2.400E2,1.455E3,5.850E2,1.237E2,6.000E0,1.076E0,9.292E-1,9.062E-1
319,fields:fld0240,2.100E1,6.600E1,4.140E1,4.500E1,1.300E1,1.340E2,9.917E1,1.488E3,9.921E1,1.488E3,1.590E1,5.538E0,4.828E0,5.039E1,1.000E0,6.403E0,1.386E3,7.400E1,1.386E3,2.400E2,9.700E1,1.491E3,3.866E1,5.000E0,1.147E0,8.719E-1,9.333E-1
320,fields:fld0242,2.400E1,7.783E1,3.884E1,2.700E1,1.200E1,1.400E2,1.081E3,1.703E2,1.081E3,1.704E2,1.731E1,5.805E0,5.264E0,3.071E0,1.000E0,6.708E0,1.868E3,8.300E1,1.868E3,2.420E2,1.078E3,1.710E2,2.657E1,5.000E0,1.103E0,9.069E-1,9.057E-1
321,fields:fld0243,2.300E1,8.048E1,3.563E1,1.000E2,2.400E1,1.310E2,1.259E3,1.061E3,1.259E3,1.061E3,1.673E1,5.757E0,5.087E0,1.593E2,1.000E0,6.403E0,1.851E3,9.000E1,1.851E3,2.430E2,1.257E3,1.059E3,1.287E2,5.000E0,1.132E0,8.836E-1,8.846E-1
322,fields:fld0245,2.400E1,7.367E1,4.091E1,2.800E1,1.800E1,1.360E2,1.075E3,4.975E2,1.075E3,4.976E2,1.814E1,5.623E0,5.434E0,4.179E1,9.163E-1,6.708E0,1.768E3,8.300E1,1.768E3,2.450E2,1.074E3,4.940E2,1.166E2,6.000E0,1.035E0,9.664E-1,8.136E-1
323,fields:fld0245,4.700E1,4.879E1,2.263E1,7.500E1,1.300E1,8.300E1,1.971E2,1.365E3,1.968E2,1.365E3,2.838E1,1.152E1,5.194E0,1.632E2,7.331E-1,1.208E1,2.293E3,5.200E1,2.293E3,2.450E2,1.920E2,1.362E3,1.556E2,6.278E0,2.219E0,4.507E-1,8.034E-1
324,fields:fld0247,2.200E1,7.155E1,4.159E1,1.250E2,1.200E1,1.250E2,1.708E3,8.943E2,1.708E3,8.943E2,1.673E1,5.832E0,4.803E0,1.604E2,9.880E-1,6.708E0,1.574E3,8.700E1,1.574E3,2.470E2,1.705E3,8.930E2,1.534E2,5.000E0,1.214E0,8.237E-1,8.627E-1
325,fields:fld0247,2.200E1,6.914E1,3.937E1,2.900E1,1.200E1,1.200E2,1.630E3,1.230E3,1.630E3,1.230E3,1.956E1,5.733E0,4.886E0,1.562E2,7.229E-1,7.211E0,1.521E3,7.500E1,1.521E3,2.470E2,1.627E3,1.228E3,1.463E2,5.000E0,1.173E0,8.524E-1,8.302E-1
326,fields:fld0248,2.000E1,7.245E1,3.346E1,2.100E1,2.100E1,1.320E2,2.076E2,7.206E2,2.078E2,7.207E2,1.531E1,5.251E0,4.849E0,6.343E1,1.000E0,5.831E0,1.449E3,7.400E1,1.449E3,2.480E2,2.060E2,7.180E2,1.210E2,5.000E0,1.083E0,9.235E-1,8.889E-1
327,fields:fld0248,3.200E1,8.397E1,3.986E1,2.500E1,2.000E1,1.420E2,1.330E3,1.036E3,1.330E3,1.036E3,1.990E1,6.492E0,6.276E0,1.594E2,1.000E0,7.810E0,2.687E3,9.400E1,2.687E3,2.480E2,1.327E3,1.033E3,1.402E2,6.000E0,1.034E0,9.667E-1,9.412E-1
328,fields:fld0249,2.400E1,6.617E1,4.337E1,1.300E1,1.300E1,1.280E2,2.037E3,1.894E2,2.038E3,1.896E2,1.873E1,6.108E0,5.003E0,2.284E1,8.599E-1,7.280E0,1.588E3,7.200E1,1.588E3,2.490E2,2.034E3,1.880E2,1.641E2,5.000E0,1.221E0,8.190E-1,8.136E-1
329,fields:fld0249,2.300E1,6.700E1,3.946E1,1.400E1,1.400E1,1.290E2,9.033E1,6.265E2,9.040E1,6.266E2,1.649E1,5.433E0,5.390E0,9.000E1,1.000E0,6.403E0,1.541E3,6.600E1,1.541E3,2.490E2,8.800E1,6.240E2,1.287E2,5.000E0,1.008E0,9.920E-1,9.583E-1
330,fields:fld0249,2.700E1,8.085E1,3.376E1,1.150E2,1.700E1,1.280E2,7.489E2,1.050E3,7.490E2,1.051E3,1.790E1,6.451E0,5.329E0,1.675E2,1.000E0,7.211E0,2.183E3,9.000E1,2.183E3,2.490E2,7.460E2,1.048E3,1.463E2,5.000E0,1.210E0,8.262E-1,9.474E-1
331,fields:fld0249,2.100E1,8.367E1,3.845E1,1.120E2,1.300E1,1.370E2,7.604E2,1.391E3,7.604E2,1.391E3,1.649E1,6.050E0,4.420E0,3.491E0,9.710E-1,6.708E0,1.757E3,8.800E1,1.757E3,2.490E2,7.570E2,1.392E3,2.657E1,4.000E0,1.369E0,7.305E-1,9.333E-1
332,fields:fld0250,2.200E1,6.786E1,3.680E1,3.700E1,1.800E1,1.340E2,9.677E1,4.897E2,9.703E1,4.898E2,1.673E1,5.674E0,4.937E0,1.753E2,9.880E-1,6.403E0,1.493E3,6.000E1,1.493E3,2.500E2,9.400E1,4.880E2,1.413E2,5.000E0,1.149E0,8.701E-1,8.627E-1
333,fields:fld0251,2.300E1,7.113E1,4.101E1,3.300E1,1.500E1,1.280E2,1.692E3,1.030E3,1.692E3,1.030E3,1.756E1,5.837E0,5.017E0,1.245E2,9.377E-1,6.708E0,1.636E3,7.600E1,1.636E3,2.510E2,1.691E3,1.027E3,1.166E2,5.657E0,1.164E0,8.594E-1,8.214E-1
334,fields:fld0252,2.300E1,7.222E1,3.903E1,8.700E1,1.700E1,1.320E2,5.175E2,1.359E3,5.177E2,1.359E3,1.649E1,5.433E0,5.390E0,0.000E0,1.000E0,6.403E0,1.661E3,7.900E1,1.661E3,2.520E2,5.150E2,1.357E3,1.287E2,5.000E0,1.008E0,9.920E-1,9.583E-1
335,fields:fld0253,2.700E1,7.889E1,4.394E1,2.300E1,1.200E1,1.380E2,1.309E3,8.524E2,1.309E3,8.525E2,1.790E1,6.451E0,5.329E0,1.675E2,1.000E0,7.211E0,2.130E3,9.300E1,2.130E3,2.530E2,1.306E3,8.500E2,1.463E2,5.000E0,1.210E0,8.262E-1,9.474E-1
336,fields:fld0253,2.900E1,6.069E1,4.225E1,2.200E1,1.200E1,1.290E2,1.688E3,1.509E3,1.688E3,1.509E3,1.956E1,6.972E0,5.296E0,1.465E2,9.529E-1,7.810E0,1.760E3,4.000E1,1.760E3,2.530E2,1.685E3,1.507E3,1.402E2,5.657E0,1.317E0,7.596E-1,8.657E-1
337,fields:fld0254,2.700E1,6.741E1,4.213E1,1.400E1,1.400E1,1.370E2,1.673E3,6.670E2,1.673E3,6.671E2,1.814E1,6.126E0,5.612E0,9.800E1,1.000E0,6.708E0,1.820E3,6.000E1,1.820E3,2.540E2,1.671E3,6.640E2,1.166E2,6.000E0,1.092E0,9.161E-1,8.852E-1
338,fields:fld0254,2.300E1,7.117E1,3.838E1,3.800E1,1.200E1,1.190E2,1.130E2,8.959E2,1.130E2,8.959E2,2.038E1,5.642E0,5.191E0,1.435E2,6.955E-1,7.211E0,1.637E3,8.400E1,1.637E3,2.540E2,1.100E2,8.940E2,1.463E2,5.657E0,1.087E0,9.201E-1,7.797E-1
339,fields:fld0254,2.400E1,8.292E1,3.760E1,3.000E1,2.000E1,1.390E2,7.254E2,1.184E3,7.257E2,1.184E3,1.707E1,5.775E0,5.292E0,1.350E2,1.000E0,7.071E0,1.990E3,9.000E1,1.990E3,2.540E2,7.230E2,1.181E3,1.350E2,5.000E0,1.091E0,9.164E-1,9.796E-1
340,fields:fld0255,2.400E1,8.117E1,3.944E1,2.900E1,1.300E1,1.410E2,5.225E2,1.103E3,5.226E2,1.103E3,1.731E1,5.735E0,5.329E0,9.000E1,1.000E0,6.403E0,1.948E3,1.010E2,1.948E3,2.550E2,5.210E2,1.100E3,1.287E2,5.000E0,1.076E0,9.292E-1,8.889E-1
341,fields:fld0256,2.700E1,6.970E1,3.723E1,8.000E1,1.200E1,1.300E2,3.781E2,1.224E3,3.784E2,1.224E3,1.814E1,6.650E0,5.169E0,0.000E0,1.000E0,7.280E0,1.882E3,7.500E1,1.882E3,2.560E2,3.750E2,1.222E3,1.641E2,5.000E0,1.286E0,7.773E-1,9.000E-1
342,fields:fld0257,1.800E1,6.433E1,3.446E1,4.400E1,1.400E1,1.260E2,1.284E2,1.587E2,1.286E2,1.589E2,1.473E1,4.995E0,4.589E0,2.274E1,1.000E0,5.831E0,1.158E3,6.600E1,1.158E3,2.570E2,1.260E2,1.600E2,3.096E1,5.000E0,1.088E0,9.187E-1,8.372E-1
343,fields:fld0257,2.400E1,7.071E1,4.061E1,1.400E1,1.200E1,1.310E2,1.360E3,7.618E2,1.359E3,7.619E2,1.731E1,5.735E0,5.329E0,9.000E1,1.000E0,6.403E0,1.697E3,8.200E1,1.697E3,2.570E2,1.358E3,7.590E2,1.287E2,5.000E0,1.076E0,9.292E-1,8.889E-1
344,fields:fld0258,2.300E1,8.109E1,3.387E1,5.000E1,1.700E1,1.420E2,8.855E2,1.037E3,8.856E2,1.037E3,1.649E1,5.433E0,5.390E0,0.000E0,1.000E0,6.403E0,1.865E3,8.200E1,1.865E3,2.580E2,8.830E2,1.035E3,1.287E2,5.000E0,1.008E0,9.920E-1,9.583E-1
345,fields:fld0259,2.000E1,7.100E1,3.447E1,2.700E1,1.700E1,1.220E2,1.711E2,4.082E2,1.713E2,4.081E2,1.673E1,5.232E0,4.868E0,1.537E2,8.982E-1,6.403E0,1.420E3,6.800E1,1.420E3,2.590E2,1.690E2,4.060E2,1.287E2,5.000E0,1.075E0,9.304E-1,8.163E-1
346,fields:fld0261,1.900E1,7.158E1,3.950E1,1.700E1,1.700E1,1.240E2,1.198E3,1.535E3,1.198E3,1.535E3,1.531E1,5.397E0,4.482E0,1.379E2,1.000E0,6.403E0,1.360E3,7.600E1,1.360E3,2.610E2,1.196E3,1.533E3,1.413E2,4.950E0,1.204E0,8.305E-1,8.837E-1
347,fields:fld0265,2.200E1,7.682E1,3.978E1,6.200E1,1.200E1,1.330E2,4.434E2,7.849E2,4.435E2,7.850E2,1.673E1,5.891E0,4.755E0,5.800E0,9.880E-1,6.708E0,1.690E3,8.200E1,1.690E3,2.650E2,4.400E2,7.860E2,2.657E1,5.000E0,1.239E0,8.072E-1,8.627E-1
348,fields:fld0265,2.500E1,7.436E1,3.969E1,9.400E1,1.300E1,1.320E2,8.517E2,8.374E2,8.517E2,8.373E2,1.790E1,5.863E0,5.430E0,1.683E2,9.805E-1,7.071E0,1.859E3,8.700E1,1.859E3,2.650E2,8.490E2,8.350E2,1.350E2,5.000E0,1.080E0,9.261E-1,9.091E-1
349,fields:fld0269,1.900E1,6.947E1,3.555E1,1.300E1,1.300E1,1.250E2,1.664E2,6.829E2,1.665E2,6.830E2,1.507E1,5.550E0,4.359E0,1.282E1,1.000E0,6.403E0,1.320E3,7.500E1,1.320E3,2.690E2,1.640E2,6.850E2,3.866E1,4.000E0,1.273E0,7.854E-1,9.744E-1
350,fields:fld0269,2.200E1,6.723E1,4.005E1,1.500E1,1.500E1,1.330E2,1.860E3,1.156E3,1.860E3,1.156E3,1.673E1,5.567E0,5.032E0,1.476E2,9.880E-1,6.403E0,1.479E3,5.600E1,1.479E3,2.690E2,1.858E3,1.153E3,1.287E2,5.000E0,1.106E0,9.038E-1,8.627E-1
351,fields:fld0271,3.500E1,4.026E1,1.940E1,1.200E1,1.200E1,8.000E1,1.361E3,7.368E2,1.361E3,7.367E2,2.638E1,9.025E0,4.938E0,5.345E1,6.318E-1,1.030E1,1.409E3,4.100E1,1.409E3,2.710E2,1.359E3,7.420E2,6.095E1,6.265E0,1.828E0,5.471E-1,7.692E-1
352,fields:fld0271,1.900E1,7.737E1,3.584E1,1.800E1,1.800E1,1.310E2,1.459E2,9.250E2,1.459E2,9.250E2,1.531E1,5.701E0,4.244E0,4.232E0,1.000E0,6.325E0,1.470E3,7.600E1,1.470E3,2.710E2,1.430E2,9.260E2,1.843E1,4.000E0,1.343E0,7.444E-1,8.837E-1
353,fields:fld0272,2.400E1,6.250E1,3.912E1,1.600E1,1.600E1,1.250E2,4.804E1,6.905E2,4.826E1,6.905E2,1.731E1,6.090E0,5.017E0,1.802E1,1.000E0,6.708E0,1.500E3,4.900E1,1.500E3,2.720E2,4.500E1,6.920E2,2.657E1,5.000E0,1.214E0,8.238E-1,8.889E-1
354,fields:fld0273,5.200E1,7.623E1,4.408E1,2.000E1,1.200E1,1.370E2,9.315E2,4.993E2,9.316E2,4.994E2,3.263E1,1.165E1,5.685E0,7.924E1,6.138E-1,1.170E1,3.964E3,9.000E1,3.964E3,2.730E2,9.300E2,5.050E2,7.002E1,6.417E0,2.049E0,4.881E-1,7.879E-1
355,fields:fld0273,2.500E1,7.336E1,3.673E1,9.900E1,1.800E1,1.310E2,4.509E2,1.076E3,4.510E2,1.076E3,1.956E1,6.044E0,5.266E0,9.236E1,8.214E-1,6.708E0,1.834E3,7.000E1,1.834E3,2.730E2,4.490E2,1.073E3,1.166E2,6.000E0,1.148E0,8.713E-1,8.333E-1
356,fields:fld0273,2.300E1,6.330E1,3.622E1,3.000E1,1.200E1,1.220E2,8.415E1,1.327E3,8.432E1,1.327E3,1.731E1,5.753E0,5.090E0,1.493E1,9.642E-1,6.403E0,1.456E3,5.400E1,1.456E3,2.730E2,8.200E1,1.325E3,1.413E2,5.000E0,1.130E0,8.848E-1,8.679E-1
357,fields:fld0275,2.500E1,7.124E1,4.110E1,1.300E1,1.300E1,1.420E2,1.224E3,8.146E1,1.224E3,8.171E1,1.956E1,5.919E0,5.378E0,1.660E2,8.214E-1,7.211E0,1.781E3,7.900E1,1.781E3,2.750E2,1.221E3,7.900E1,1.463E2,5.000E0,1.101E0,9.086E-1,8.772E-1
358,fields:fld0275,2.600E1,7.565E1,4.444E1,1.900E1,1.200E1,1.400E2,1.539E3,7.106E2,1.539E3,7.105E2,1.873E1,6.374E0,5.193E0,1.787E2,9.315E-1,7.280E0,1.967E3,7.700E1,1.967E3,2.750E2,1.536E3,7.100E2,1.641E2,5.000E0,1.227E0,8.148E-1,8.667E-1
359,fields:fld0275,2.100E1,7.695E1,3.786E1,2.600E1,1.500E1,1.290E2,6.775E2,1.494E3,6.776E2,1.494E3,1.590E1,5.621E0,4.756E0,3.614E1,1.000E0,6.403E0,1.616E3,7.700E1,1.616E3,2.750E2,6.750E2,1.496E3,3.866E1,5.000E0,1.182E0,8.461E-1,9.130E-1
360,fields:fld0276,2.200E1,7.450E1,3.940E1,2.900E1,1.300E1,1.330E2,1.141E3,1.361E3,1.141E3,1.361E3,1.673E1,5.567E0,5.032E0,1.476E2,9.880E-1,6.403E0,1.639E3,8.000E1,1.639E3,2.760E2,1.139E3,1.359E3,1.287E2,5.000E0,1.106E0,9.038E-1,8.627E-1
361,fields:fld0278,2.500E1,7.256E1,3.653E1,7.700E1,1.700E1,1.250E2,1.504E3,4.695E2,1.504E3,4.698E2,1.731E1,6.042E0,5.268E0,1.087E1,1.000E0,6.708E0,1.814E3,7.700E1,1.814E3,2.780E2,1.501E3,4.710E2,2.657E1,5.000E0,1.147E0,8.720E-1,9.091E-1
362,fields:fld0282,2.300E1,7.765E1,3.986E1,2.000E1,1.800E1,1.290E2,7.680E2,9.921E2,7.679E2,9.920E2,1.731E1,6.363E0,4.602E0,1.672E2,9.642E-1,7.211E0,1.786E3,9.400E1,1.786E3,2.820E2,7.650E2,9.900E2,1.463E2,5.000E0,1.383E0,7.233E-1,8.846E-1
363,fields:fld0283,2.200E1,7.641E1,4.374E1,2.000E1,2.000E1,1.340E2,5.932E2,5.915E2,5.933E2,5.917E2,1.673E1,5.837E0,4.799E0,2.459E1,9.880E-1,6.403E0,1.681E3,7.800E1,1.681E3,2.830E2,5.910E2,5.940E2,3.866E1,5.000E0,1.216E0,8.222E-1,8.627E-1
364,fields:fld0284,2.500E1,7.876E1,3.852E1,8.500E1,1.400E1,1.410E2,5.599E2,8.555E2,5.602E2,8.554E2,1.731E1,6.042E0,5.268E0,1.087E1,1.000E0,6.708E0,1.969E3,8.500E1,1.969E3,2.840E2,5.570E2,8.570E2,2.657E1,5.000E0,1.147E0,8.720E-1,9.091E-1
365,fields:fld0284,2.000E1,6.325E1,3.862E1,2.200E1,1.700E1,1.260E2,1.535E3,1.419E3,1.535E3,1.419E3,1.614E1,5.241E0,4.858E0,1.420E2,9.645E-1,6.325E0,1.265E3,6.900E1,1.265E3,2.840E2,1.532E3,1.418E3,1.616E2,5.000E0,1.079E0,9.270E-1,8.333E-1
366,fields:fld0285,2.200E1,6.377E1,3.936E1,6.400E1,1.400E1,1.260E2,4.100E1,1.199E3,4.117E1,1.199E3,1.673E1,5.863E0,4.778E0,2.288E1,9.880E-1,6.403E0,1.403E3,6.400E1,1.403E3,2.850E2,3.900E1,1.202E3,3.866E1,5.000E0,1.227E0,8.150E-1,8.627E-1
367,fields:fld0286,2.300E1,7.713E1,3.977E1,2.500E1,2.500E1,1.320E2,7.253E2,1.532E3,7.254E2,1.532E3,1.673E1,5.757E0,5.087E0,1.593E2,1.000E0,6.403E0,1.774E3,8.200E1,1.774E3,2.860E2,7.230E2,1.530E3,1.287E2,5.000E0,1.132E0,8.836E-1,8.846E-1
368,fields:fld0287,2.000E1,8.130E1,3.760E1,7.000E1,2.600E1,1.330E2,8.984E2,1.003E3,8.986E2,1.003E3,1.531E1,5.251E0,4.849E0,2.657E1,1.000E0,5.831E0,1.626E3,7.700E1,1.626E3,2.870E2,8.960E2,1.002E3,1.490E2,5.000E0,1.083E0,9.235E-1,8.889E-1
369,fields:fld0287,2.200E1,6.577E1,4.130E1,9.900E1,1.200E1,1.280E2,8.654E2,1.488E3,8.654E2,1.489E3,1.673E1,5.585E0,5.016E0,0.000E0,9.880E-1,6.325E0,1.447E3,6.800E1,1.447E3,2.870E2,8.620E2,1.488E3,1.616E2,5.000E0,1.113E0,8.981E-1,8.800E-1
370,fields:fld0288,2.300E1,6.922E1,3.770E1,5.400E1,1.500E1,1.250E2,1.860E3,8.904E2,1.860E3,8.906E2,1.673E1,5.802E0,5.048E0,1.591E2,1.000E0,6.708E0,1.592E3,6.300E1,1.592E3,2.880E2,1.857E3,8.880E2,1.534E2,5.000E0,1.149E0,8.701E-1,9.020E-1
371,fields:fld0289,2.400E1,7.192E1,4.208E1,2.300E1,1.200E1,1.330E2,1.869E3,2.273E2,1.869E3,2.276E2,1.731E1,6.299E0,4.851E0,3.168E1,1.000E0,7.211E0,1.726E3,8.100E1,1.726E3,2.890E2,1.866E3,2.290E2,3.369E1,5.000E0,1.298E0,7.701E-1,9.057E-1
372,fields:fld0289,2.400E1,7.912E1,3.784E1,1.180E2,1.300E1,1.300E2,7.382E2,1.137E3,7.385E2,1.137E3,1.756E1,5.823E0,5.248E0,1.263E2,9.785E-1,6.708E0,1.899E3,8.700E1,1.899E3,2.890E2,7.350E2,1.136E3,1.534E2,5.657E0,1.110E0,9.012E-1,8.421E-1
373,fields:fld0290,2.200E1,6.527E1,3.737E1,3.400E1,1.200E1,1.260E2,3.245E2,2.322E2,3.246E2,2.324E2,1.673E1,5.700E0,4.914E0,5.429E1,9.880E-1,6.403E0,1.436E3,5.300E1,1.436E3,2.900E2,3.220E2,2.340E2,3.866E1,5.000E0,1.160E0,8.621E-1,8.627E-1
374,fields:fld0291,2.200E1,7.195E1,3.778E1,2.400E1,1.700E1,1.220E2,6.580E2,6.658E2,6.582E2,6.660E2,1.614E1,5.741E0,4.879E0,8.523E-14,1.000E0,6.325E0,1.583E3,8.000E1,1.583E3,2.910E2,6.550E2,6.650E2,1.616E2,5.000E0,1.176E0,8.500E-1,8.800E-1
375,fields:fld0291,2.400E1,7.029E1,3.791E1,1.400E1,1.400E1,1.230E2,1.206E3,1.314E3,1.206E3,1.314E3,1.731E1,5.735E0,5.329E0,0.000E0,1.000E0,6.403E0,1.687E3,7.800E1,1.687E3,2.910E2,1.204E3,1.312E3,1.287E2,5.000E0,1.076E0,9.292E-1,8.889E-1
376,fields:fld0293,2.400E1,6.875E1,3.818E1,2.300E1,1.600E1,1.370E2,1.244E2,1.008E3,1.245E2,1.008E3,1.790E1,5.905E0,5.175E0,2.660E1,9.413E-1,7.071E0,1.650E3,6.400E1,1.650E3,2.930E2,1.220E2,1.011E3,4.500E1,5.000E0,1.141E0,8.764E-1,8.889E-1
377,fields:fld0294,1.800E1,5.756E1,3.468E1,7.900E1,1.400E1,1.190E2,2.944E1,9.372E1,2.973E1,9.411E1,1.473E1,5.008E0,4.577E0,1.220E2,1.000E0,5.831E0,1.036E3,5.200E1,1.036E3,2.940E2,2.800E1,9.100E1,1.210E2,4.950E0,1.094E0,9.139E-1,8.571E-1
378,fields:fld0295,1.900E1,7.389E1,3.131E1,4.400E1,2.600E1,1.340E2,7.576E2,1.007E3,7.577E2,1.007E3,1.507E1,5.550E0,4.359E0,1.282E1,1.000E0,6.403E0,1.404E3,7.300E1,1.404E3,2.950E2,7.550E2,1.009E3,3.866E1,4.000E0,1.273E0,7.854E-1,9.744E-1
379,fields:fld0299,2.000E1,7.025E1,4.077E1,1.900E1,1.300E1,1.300E2,1.170E3,1.396E3,1.170E3,1.396E3,1.531E1,5.446E0,4.675E0,1.591E2,1.000E0,6.403E0,1.405E3,8.200E1,1.405E3,2.990E2,1.167E3,1.394E3,1.413E2,5.000E0,1.165E0,8.584E-1,8.889E-1
380,fields:fld0300,2.100E1,7.095E1,4.027E1,1.900E1,1.900E1,1.440E2,1.366E3,1.541E3,1.366E3,1.541E3,1.590E1,5.328E0,5.018E0,1.103E2,1.000E0,6.403E0,1.490E3,5.500E1,1.490E3,3.000E2,1.364E3,1.539E3,1.287E2,5.000E0,1.062E0,9.418E-1,9.130E-1
381,fields:fld0301,2.000E1,6.715E1,3.889E1,3.000E1,2.000E1,1.240E2,4.220E1,1.003E3,4.221E1,1.003E3,1.614E1,5.814E0,4.380E0,1.473E1,9.645E-1,6.403E0,1.343E3,7.000E1,1.343E3,3.010E2,4.000E1,1.005E3,3.866E1,4.921E0,1.328E0,7.532E-1,8.163E-1
382,fields:fld0301,2.300E1,6.922E1,4.011E1,2.400E1,1.700E1,1.360E2,1.151E3,1.330E3,1.151E3,1.330E3,1.673E1,5.757E0,5.087E0,1.593E2,1.000E0,6.403E0,1.592E3,8.000E1,1.592E3,3.010E2,1.149E3,1.328E3,1.287E2,5.000E0,1.132E0,8.836E-1,8.846E-1
383,fields:fld0302,2.100E1,6.700E1,4.295E1,1.300E1,1.300E1,1.270E2,5.325E2,2.437E2,5.326E2,2.438E2,1.590E1,5.621E0,4.756E0,3.614E1,1.000E0,6.403E0,1.407E3,5.600E1,1.407E3,3.020E2,5.300E2,2.460E2,3.866E1,5.000E0,1.182E0,8.461E-1,9.130E-1
384,fields:fld0302,2.400E1,7.758E1,4.022E1,3.600E1,2.200E1,1.310E2,1.151E3,3.165E2,1.151E3,3.167E2,1.731E1,5.912E0,5.169E0,2.567E1,1.000E0,6.708E0,1.862E3,9.200E1,1.862E3,3.020E2,1.148E3,3.180E2,2.657E1,5.000E0,1.144E0,8.744E-1,8.889E-1
385,fields:fld0302,2.300E1,7.626E1,4.069E1,8.900E1,2.000E1,1.300E2,5.227E2,1.050E3,5.228E2,1.050E3,1.673E1,5.757E0,5.087E0,1.593E2,1.000E0,6.403E0,1.754E3,8.900E1,1.754E3,3.020E2,5.210E2,1.047E3,1.287E2,5.000E0,1.132E0,8.836E-1,8.846E-1
386,fields:fld0303,2.000E1,6.980E1,4.052E1,1.700E1,1.300E1,1.280E2,2.168E2,9.876E2,2.169E2,9.877E2,1.673E1,5.347E0,4.762E0,1.616E2,8.982E-1,6.708E0,1.396E3,7.200E1,1.396E3,3.030E2,2.140E2,9.860E2,1.534E2,5.000E0,1.123E0,8.906E-1,8.163E-1
387,fields:fld0304,2.000E1,6.560E1,3.729E1,1.400E1,1.400E1,1.240E2,2.116E2,3.628E2,2.116E2,3.628E2,1.531E1,5.713E0,4.457E0,4.292E1,1.000E0,6.403E0,1.312E3,7.600E1,1.312E3,3.040E2,2.090E2,3.650E2,3.866E1,4.950E0,1.282E0,7.803E-1,9.091E-1
388,fields:fld0304,1.800E1,8.461E1,3.764E1,2.300E1,2.300E1,1.320E2,1.558E3,1.201E3,1.558E3,1.201E3,1.449E1,5.587E0,4.102E0,1.569E2,1.000E0,6.403E0,1.523E3,9.600E1,1.523E3,3.040E2,1.555E3,1.199E3,1.413E2,4.000E0,1.362E0,7.342E-1,9.474E-1
389,fields:fld0305,2.200E1,8.000E1,3.720E1,1.040E2,2.300E1,1.260E2,8.535E2,1.562E3,8.537E2,1.562E3,1.649E1,5.508E0,5.085E0,1.576E2,1.000E0,6.403E0,1.760E3,1.040E2,1.760E3,3.050E2,8.510E2,1.560E3,1.287E2,5.000E0,1.083E0,9.232E-1,9.362E-1
390,fields:fld0306,2.000E1,7.455E1,3.554E1,4.400E1,2.200E1,1.290E2,1.645E2,3.190E2,1.647E2,3.191E2,1.566E1,5.642E0,4.514E0,0.000E0,1.000E0,6.403E0,1.491E3,6.700E1,1.491E3,3.060E2,1.620E2,3.170E2,1.413E2,4.000E0,1.250E0,8.000E-1,1.000E0
391,fields:fld0307,2.500E1,7.240E1,4.393E1,1.900E1,1.900E1,1.350E2,1.845E3,8.457E2,1.845E3,8.459E2,1.731E1,6.213E0,5.123E0,1.658E2,1.000E0,7.071E0,1.810E3,6.700E1,1.810E3,3.070E2,1.843E3,8.430E2,1.350E2,5.000E0,1.213E0,8.245E-1,9.091E-1
392,fields:fld0308,3.100E1,7.274E1,4.300E1,1.200E1,1.200E1,1.340E2,1.675E3,9.522E2,1.675E3,9.522E2,1.931E1,6.584E0,5.995E0,1.552E2,1.000E0,7.810E0,2.255E3,8.200E1,2.255E3,3.080E2,1.672E3,9.500E2,1.402E2,6.000E0,1.098E0,9.105E-1,9.254E-1
393,fields:fld0308,2.000E0,1.900E1,8.485E0,1.300E1,1.300E1,2.500E1,6.710E2,1.484E3,6.708E2,1.484E3,5.657E0,2.596E0,9.811E-1,1.350E2,7.854E-1,2.828E0,3.800E1,2.500E1,3.800E1,3.080E2,6.700E2,1.483E3,1.350E2,1.414E0,2.646E0,3.780E-1,6.667E-1
394,fields:fld0309,3.700E1,6.638E1,4.121E1,2.600E1,1.200E1,1.320E2,1.617E3,3.138E2,1.618E3,3.138E2,2.297E1,7.084E0,6.651E0,4.825E1,8.812E-1,8.062E0,2.456E3,7.200E1,2.456E3,3.090E2,1.614E3,3.120E2,1.503E2,7.000E0,1.065E0,9.389E-1,8.706E-1
395,fields:fld0309,2.000E1,7.025E1,3.703E1,2.500E1,1.400E1,1.180E2,5.400E1,1.015E3,5.420E1,1.015E3,1.614E1,5.114E0,4.979E0,0.000E0,9.645E-1,6.083E0,1.405E3,7.000E1,1.405E3,3.090E2,5.100E1,1.014E3,1.705E2,5.000E0,1.027E0,9.737E-1,8.333E-1
396,fields:fld0309,2.800E1,6.704E1,3.927E1,5.900E1,1.200E1,1.250E2,6.313E2,1.078E3,6.313E2,1.078E3,1.814E1,6.024E0,5.918E0,9.000E1,1.000E0,6.708E0,1.877E3,6.300E1,1.877E3,3.090E2,6.300E2,1.075E3,1.166E2,6.000E0,1.018E0,9.824E-1,9.032E-1
397,fields:fld0310,2.300E1,7.396E1,4.387E1,1.200E1,1.200E1,1.420E2,8.727E2,4.066E2,8.727E2,4.067E2,1.731E1,6.182E0,4.737E0,3.049E1,9.642E-1,7.071E0,1.701E3,7.700E1,1.701E3,3.100E2,8.700E2,4.090E2,4.500E1,5.000E0,1.305E0,7.662E-1,8.846E-1
398,fields:fld0311,2.200E1,7.841E1,3.095E1,9.900E1,2.200E1,1.350E2,1.152E3,1.065E3,1.152E3,1.065E3,1.673E1,5.567E0,5.032E0,1.476E2,9.880E-1,6.403E0,1.725E3,8.300E1,1.725E3,3.110E2,1.150E3,1.062E3,1.287E2,5.000E0,1.106E0,9.038E-1,8.627E-1
399,fields:fld0311,2.100E1,6.186E1,3.520E1,1.200E1,1.200E1,1.230E2,2.662E2,1.567E3,2.662E2,1.567E3,1.814E1,5.726E0,4.669E0,1.636E2,8.018E-1,6.708E0,1.299E3,6.400E1,1.299E3,3.110E2,2.630E2,1.566E3,1.534E2,5.000E0,1.226E0,8.154E-1,8.235E-1
400,fields:fld0312,2.300E1,7.261E1,3.630E1,1.040E2,1.400E1,1.200E2,1.639E3,1.018E3,1.639E3,1.018E3,1.790E1,5.926E0,4.942E0,1.571E2,9.021E-1,7.211E0,1.670E3,8.800E1,1.670E3,3.120E2,1.636E3,1.016E3,1.463E2,5.000E0,1.199E0,8.339E-1,8.679E-1
401,fields:fld0313,4.400E1,7.243E1,3.986E1,2.000E1,1.200E1,1.340E2,8.140E2,7.245E1,8.142E2,7.258E1,2.980E1,1.149E1,4.877E0,5.849E1,6.227E-1,1.221E1,3.187E3,7.600E1,3.187E3,3.130E2,8.100E2,7.700E1,5.501E1,6.267E0,2.356E0,4.245E-1,7.521E-1
402,fields:fld0313,2.400E1,6.646E1,3.928E1,1.600E1,1.500E1,1.350E2,2.044E3,6.012E2,2.044E3,6.013E2,1.731E1,6.020E0,5.076E0,1.417E1,1.000E0,6.708E0,1.595E3,7.200E1,1.595E3,3.130E2,2.041E3,5.990E2,1.534E2,5.000E0,1.186E0,8.433E-1,8.889E-1
403,fields:fld0314,2.000E1,8.350E1,4.254E1,9.900E1,1.600E1,1.380E2,4.492E2,3.331E2,4.494E2,3.331E2,1.590E1,5.908E0,4.310E0,1.746E2,9.942E-1,6.403E0,1.670E3,9.900E1,1.670E3,3.140E2,4.470E2,3.310E2,1.413E2,4.000E0,1.371E0,7.296E-1,9.091E-1
404,fields:fld0314,2.400E1,7.183E1,3.558E1,4.200E1,2.100E1,1.310E2,7.245E2,9.378E2,7.245E2,9.378E2,1.814E1,5.623E0,5.434E0,4.821E1,9.163E-1,6.708E0,1.724E3,6.900E1,1.724E3,3.140E2,7.210E2,9.370E2,1.534E2,6.000E0,1.035E0,9.664E-1,8.136E-1
405,fields:fld0315,2.500E1,7.300E1,3.862E1,5.500E1,2.100E1,1.350E2,8.853E2,2.987E2,8.854E2,2.989E2,1.731E1,6.122E0,5.200E0,8.387E1,1.000E0,6.708E0,1.825E3,6.400E1,1.825E3,3.150E2,8.830E2,2.960E2,1.166E2,5.000E0,1.177E0,8.494E-1,9.259E-1
406,fields:fld0316,2.300E1,7.539E1,3.793E1,1.200E1,1.200E1,1.230E2,1.427E3,1.147E3,1.427E3,1.147E3,1.673E1,5.757E0,5.087E0,1.593E2,1.000E0,6.403E0,1.734E3,8.900E1,1.734E3,3.160E2,1.425E3,1.145E3,1.287E2,5.000E0,1.132E0,8.836E-1,8.846E-1
407,fields:fld0317,7.700E1,8.370E1,4.015E1,1.060E2,1.200E1,1.430E2,1.210E3,7.076E2,1.210E3,7.076E2,4.428E1,1.076E1,9.110E0,1.845E1,4.934E-1,1.304E1,6.445E3,8.800E1,6.445E3,3.170E2,1.204E3,7.100E2,3.247E1,1.074E1,1.181E0,8.466E-1,7.817E-1
408,fields:fld0318,1.900E1,7.726E1,3.704E1,3.500E1,1.200E1,1.300E2,1.141E2,8.637E2,1.142E2,8.637E2,1.673E1,5.381E0,4.496E0,1.766E2,8.533E-1,6.708E0,1.468E3,7.700E1,1.468E3,3.180E2,1.110E2,8.620E2,1.534E2,5.000E0,1.197E0,8.354E-1,7.917E-1
409,fields:fld0323,2.100E1,7.295E1,3.732E1,3.700E1,1.400E1,1.220E2,1.987E2,4.716E2,1.989E2,4.718E2,1.673E1,5.554E0,4.814E0,1.777E2,9.431E-1,6.708E0,1.532E3,7.800E1,1.532E3,3.230E2,1.960E2,4.700E2,1.534E2,5.000E0,1.154E0,8.667E-1,8.400E-1
